cleaned_title,date,source,source_type,language
Google is negotiating to invest in the startup Character.AI: Reuters,2023-11-12,La Verdad Noticias,Other,es
Read Full SAG-AFTRA Deal Summary Released Ahead Of Ratification Vote; Analysis Of AI & Streaming Fund,2023-11-12,Deadline,Other,en
These 5 Stocks Are Leading the Artificial Intelligence (AI) Revolution ...,2023-11-12,The Motley Fool,Blog,en
These 5 Stocks Are Leading the Artificial Intelligence (AI) Revolution ...,2023-11-12,The Globe and Mail,News Outlet,en
Google in talks to invest ‘hundreds of millions’ into AI startup ...,2023-11-12,CTech,Blog,en
Google in talks to invest in AI startup Character.AI,2023-11-12,The Indian Express,Press Release Service,en
Generative AI Companies Love This Stock. Could It Be a Winner For ...,2023-11-12,The Motley Fool,Blog,en
Intel's AI semiconductors are obvious when you look at them; the reason why Samsung Electronics joined hands with a startup,2023-11-12,조선일보,Other,ko
"Investing In Artificial Intelligence (AI) Stocks Can Be Risky, But ...",2023-11-12,The Motley Fool,Blog,en
China’s AI unicorn “Zero Yiwu” invested 75% of its funds in Huida GPU,2023-11-12,自由時報,Other,zh_Hant
Ethical AI: A Key Consideration for ML-Centric Startups,2023-11-12,Analytics Insight,Blog,en
SoundHound: Early Stage AI Player Ready To Break Out (NASDAQ ...,2023-11-12,Seeking Alpha,Other,en
AI-powered ventures: 5 business ideas for success,2023-11-11,YourStory,Press Release Service,en
Chamath Palihapitiya says there’s a ‘reasonable case to make’ that the job of VC ‘doesn’t exist’ in a world of AI-powered two-person startups,2023-11-11,Fortune,News Outlet,en
PYPL Outlook: Can Paypal Become an AI Stock?,2023-11-11,InvestorPlace,Other,en
SAG-AFTRA deal includes a $40 million streaming bonus and AI protections,2023-11-11,Engadget,Other,en
Google: In talks to invest in artificial intelligence startup Character.AI,2023-11-11,Insider,News Outlet,el
Google Explores Investing Tens of Millions of Dollars in Startup Character.AI,2023-11-11,VOI.ID,Other,id
Artificial Intelligence: Insider – Google wants to invest in AI startup Character.AI,2023-11-11,Handelsblatt,Other,de
IBM earmarks $500 million to fund enterprise AI-focused startups,2023-11-11,CoinGeek,Other,en
AI could steal more than 80 million jobs in the next...,2023-11-11,Economis,Other,es
"Startup Humane, originally from Apple, introduced AI Pin...",2023-11-11,VC.ru,Other,ru
The Generated Anchor: Startup Channel 1 To Premiere AI-Produced Newscast,2023-11-10,Deadline,Other,en
Osmo receives $8.5 million to advance AI-enabled insect control,2023-11-10,Verticalfarmdaily.com: global indoor farming news,News Outlet,en
Enterprise AI Trends to Watch in 2024,2023-11-10,EnterpriseTalk,Press Release Service,en
American startup Humain launches AI product ‘attached to clothes’… Market landscape change?,2023-11-10,뉴스1,News Outlet,ko
AI startup in crisis... Remember Why,2023-11-10,더밀크 The Miilk,Other,ko
"Last Week in Crypto: ETH Pumps, Poloniex Loses Millions, Elon’s AI Triggers Shitcoin Storm",2023-11-10,Yahoo Finance,News Outlet,en
Survey: Generative AI Shaking Up Digital Health Investors’ Funding ...,2023-11-10,insideBIGDATA,Other,en
3 Top Artificial Intelligence (AI) Stocks to Buy Right Now,2023-11-10,The Motley Fool,Blog,en
2 Stocks That Could Benefit From Generative AI’s Energy Demand Growth,2023-11-10,Forbes,Magazine,en
Microsoft Stock Notches Record High Ahead Of AI News,2023-11-10,Investor's Business Daily,News Outlet,en
Intel invests in generative AI startup Stability AI,2023-11-10,The Hindu,News Outlet,en
Fyma Raises $2.1M to advance AI in real estate management,2023-11-10,Tech.eu,Blog,en
"Google is negotiating to invest in artificial intelligence startup Character.AI, sources say",2023-11-10,UOL,Other,it
Google in talks to invest in startup Character.AI...,2023-11-10,Zonebourse.com,Other,fr
"IoT, AI get household electronics sector buzzing with growth potential",2023-11-10,China Daily,News Outlet,en
Aigen Raises $12M to Scale AI-Powered Solar Robot Fleet for ...,2023-11-10,Causeartist,Other,en
"Nvidia Unleashes Barrage Of AI Enhancements, Storms New Buy ...",2023-11-10,Investor's Business Daily,News Outlet,en
SoundHound AI Stock Gains 3.5% on Revenue Beat and Better ...,2023-11-10,The Motley Fool,Blog,en
Q3 2023 SoundHound AI Inc Earnings Call,2023-11-10,Yahoo Finance,News Outlet,en
Chinese AI Firm Stockpiled 18 Months of Nvidia GPUs Before Export ...,2023-11-10,Tom's Hardware,Other,en
IBM on how banks are starting to embrace generative AI,2023-11-10,Finextra,Other,en
Exclusive: Google in talks to invest in AI startup Character.AI,2023-11-10,Reuters,News Outlet,en
"AI could cause 'catastrophic' financial crisis, says Yuval Noah Harari",2023-11-10,The Guardian,News Outlet,en
AI deepfake detection requires NSF and DARPA funding and new ...,2023-11-09,FedScoop,Other,en
This Norwegian AI Powered Startup Has Big Plans For The Meat Industry,2023-11-09,Forbes,Magazine,en
"Shutterstock Unveils TRUST, its Best-in-Class Approach for Ethical AI",2023-11-09,PR Newswire,News Outlet,en
"Telex: Web scraping of 35 million Linkedin accounts, Rubrik launches its generative AI chatbot Ruby, OnePoint raises €500 million",2023-11-09,Le Monde Informatique,Other,fr
"AI stocks: After Microsoft and Alphabet, Elon Musk presents chatbot “Grok” - boerse.de",2023-11-09,boerse.de,Other,de
IBM Creates $500M Enterprise Generative AI Startup Investment Fund,2023-11-09,Voicebot.ai,News Outlet,en
DataRobot releases major updates to its enterprise-grade AI platform,2023-11-09,SiliconANGLE News,News Outlet,en
AI Startups Raising Money From China Are Taking a Risk; Why a ...,2023-11-09,The Information,News Outlet,en
There’s something going on with AI startups in France,2023-11-09,TechCrunch,Blog,en
SEC confirms use of artificial intelligence in financial monitoring,2023-11-09,The American Genius,Other,en
Artificial Intelligence (AI) Software System Market Size to Grow USD 156800 Million by 2029 at a CAGR of 31.5% | Valuates Reports,2023-11-09,Yahoo Finance,News Outlet,en
AI Alert: 3 Healthcare Stocks That Are Investing in Artificial Intelligence,2023-11-09,InvestorPlace,Other,en
"PostgresML, the MLops platform enabling the next generation of in-database artificial intelligence and machine learning applications, is now generally available for enterprise and scale-ups",2023-11-09,Yahoo Finance,News Outlet,en
"Researchers develop AI algorithm to measure muscle development, provide growth chart for children",2023-11-09,Medical Xpress,Press Release Service,en
Adviser AI: Technology’s role in financial management,2023-11-09,Spokane Journal of Business,News Outlet,en
"Default Launches AI-Powered Inbound Sales Funnel for Lead Conversion, Reveals $6.6M Seed Funding",2023-11-09,Yahoo Finance,News Outlet,en
AI startup Cercle launches with partners focused on big data ...,2023-11-09,FierceHealthcare,Other,en
Better AI Stock: Palantir Technologies vs. SoundHound AI,2023-11-09,The Motley Fool,Blog,en
Want to Add Artificial Intelligence (AI) Stocks to Your Portfolio? 3 ...,2023-11-09,The Motley Fool,Blog,en
VUMC and Duke teams win $1.25 million grant for measuring AI ... - News,2023-11-09,News-Medical.Net,News Outlet,en
Are AI-focused funds doing their job?,2023-11-09,Investors Chronicle,News Outlet,en
Ex-Coca-Cola VPs debut ChatGPT-like AI tool to help enterprises ...,2023-11-09,ComputerWeekly.com,Magazine,en
AI startup Twelve Labs unveils video language AI foundation model Pegasus-1,2023-11-09,The Korea Herald,News Outlet,en
3 Reasons Amazon Is Still a Top Artificial Intelligence (AI) Stock to ...,2023-11-09,The Motley Fool,Blog,en
AI startup Anthropic to use Google chips in expanded partnership,2023-11-09,The Seattle Times,News Outlet,en
Today’s Cache | UK’s focus on online child safety; Meta to require disclosure for AI-created political ads; Amazon spends millions on new AI model ‘Olympus’,2023-11-09,The Hindu,News Outlet,en
AI infrastructure startup Ritual raises $25M to fill gaps in crypto,2023-11-09,Cointelegraph,Other,en
"SoundHound AI Reports Record Third Quarter, Revenue Increases ...",2023-11-09,Business Wire,News Outlet,en
IBM Launches $500 Million Enterprise AI Venture Fund,2023-11-09,AiThority,Other,en
"Rivian's Riding High, but This AI Stock Soared 20%+ Wednesday ...",2023-11-08,The Motley Fool,Blog,en
AI Therapy Documentation Startup Eleos Health Lands $40M Series B,2023-11-08,Behavioral Health Business,News Outlet,en
1 Unstoppable Artificial Intelligence (AI) Stock Down 89% You'll ...,2023-11-08,Nasdaq,Other,en
1 Lesser-Known Artificial Intelligence (AI) Stock to Jump On Now,2023-11-08,The Motley Fool,Blog,en
Protecto Joins Cadre of Startups in AI Data Protection Space,2023-11-08,SecurityWeek,Other,en
"Hyro Announces Conversational AI for Healthcare on Salesforce AppExchange, the World's Leading Enterprise Cloud Marketplace",2023-11-08,Yahoo Finance,News Outlet,en
AI startup Allganize attracts KRW 27 billion [Geeks],2023-11-08,한국경제,Other,ko
"Automatic growth model where AI continues to get smarter through ""dialogue with language-generating AI"" US...",2023-11-08,ITmedia NEWS,News Outlet,ja
Microsoft offers Azure AI Infrastructure access to startups,2023-11-08,ITPro,Press Release Service,en
IBM Unveils $500 MN Fund to Invest in AI Firms,2023-11-08,Entrepreneur,Press Release Service,en
Meta taps Hugging Face for startup accelerator to spur adoption of open source AI models,2023-11-08,Yahoo News,News Outlet,en
Flip AI Launches to Bring the ‘Holy Grail of Observability’ to All Enterprises With $6.5 Million in Seed Funding Led by Factory,2023-11-08,Yahoo Finance,News Outlet,en
Lutton exceeds 1 million monthly users... ‘GPT-4 Turbo’ free service notice,2023-11-08,AI타임스,News Outlet,ko
"Data and AI Company Stardog Launches Voicebox, Providing Enterprise Knowledge Workers with Direct, Easy Access to Critical Business Insight",2023-11-08,Yahoo Finance,News Outlet,en
"DDN Launches Infinia, Software-Defined Storage for Enterprise AI ...",2023-11-08,insideHPC,Other,en
"MS, backed by Open AI, records the highest stock price ever... close to overtaking Apple - Chosun Biz",2023-11-08,조선비즈,Other,ko
Health AI startup Cercle debuts with backing from Sheryl Sandberg,2023-11-08,CNBC,News Outlet,en
Enterprise Health Adds AI Capabilities to its Occupational Health ...,2023-11-08,PR Newswire,News Outlet,en
"Korean AI startups Allganize, Neurophet raise over $35 mn",2023-11-08,Korea Economic Daily,News Outlet,en
A Bull Market May Be Coming: 2 Artificial Intelligence (AI) Growth ...,2023-11-08,The Motley Fool,Blog,en
IBM Continues AI Push With $500M Enterprise AI Venture Fund,2023-11-08,Forbes,Magazine,en
Norway wealth fund CEO says it is using AI to deploy capital,2023-11-08,Reuters,News Outlet,en
61% of Finance Execs Not Using AI Yet: Weekly Stat,2023-11-08,CFO.com,Other,en
AI-Enabled Automation Streamlines Local Government Finance,2023-11-08,Government Technology,Blog,en
1 Unstoppable Artificial Intelligence (AI) Stock Down 89% You'll ...,2023-11-08,The Motley Fool,Blog,en
Global Enterprise Artificial Intelligence Market 2023-2028: Daikin's ...,2023-11-08,Business Wire,News Outlet,en
"Artificial Intelligence in Defense Market Growth to Hit 11.7% CAGR, Globally, by 2028 - Exclusive Report by The Insight Partners",2023-11-08,Yahoo Finance,News Outlet,en
The Artificial Intelligence (AI) Boom Is Coming: 3 Growth Stocks ...,2023-11-08,Nasdaq,Other,en
Why won’t banking chief execs talk about artificial intelligence?,2023-11-08,Yahoo Finance UK,News Outlet,en
3 Brilliant Artificial Intelligence Stocks to Buy and Hold Forever,2023-11-08,The Motley Fool,Blog,en
3 AI Stocks to Keep On Your Radar This Winter,2023-11-08,InvestorPlace,Other,en
A Bull Market May Be Coming: 2 Artificial Intelligence (AI) Growth ...,2023-11-08,msnNOW,News Outlet,en
Binny Bansal AI Startup | GPT-4 Turbo | JioMotive for Smart Cars ...,2023-11-07,IT Voice,Other,en
IBM and VMware Help Enterprises Adopt Generative AI with ...,2023-11-07,VMware News,News Outlet,en
"In Comment Submitted to U.S. Copyright Office, FTC Raises AI ...",2023-11-07,Federal Trade Commission News,News Outlet,en
IBM Launches $500 Million Enterprise AI Venture Fund,2023-11-07,IBM Newsroom,News Outlet,en
Exclusive: IBM debuts $500 million enterprise AI venture fund,2023-11-07,Axios,Other,en
IBM pours $500M into AI venture fund,2023-11-07,CIO Dive,Other,en
Gartner Says Most Finance Organizations Lag Other Functions in AI ...,2023-11-07,Gartner,Other,en
OnFinance AI raises $1.05 Million in an oversubscribed Seed Funding Round led by Silverneedle Ventures & IAN,2023-11-07,APN News,News Outlet,en
AMD: This Artificial Intelligence (AI) Stock Is Set to Soar Big-Time,2023-11-07,The Motley Fool,Blog,en
Warren Buffett's Best 5 Artificial Intelligence (AI) Stocks,2023-11-07,Nasdaq,Other,en
Cresta Raises Bar with New Generative AI Capabilities that drive ...,2023-11-07,PR Newswire,News Outlet,en
2 Top Artificial Intelligence (AI) Stocks to Buy Now and Hold for the ...,2023-11-07,The Motley Fool,Blog,en
Is Microsoft an Unstoppable Artificial Intelligence (AI) Stock?,2023-11-07,The Motley Fool,Blog,en
Warren Buffett's Best 5 Artificial Intelligence (AI) Stocks,2023-11-07,The Motley Fool,Blog,en
Internal audit can be fundamental for AI success,2023-11-07,Grant Thornton,Other,en
"What the pitch deck from Adaptive, a new AI startup raising at a $100 ...",2023-11-07,Sifted,Other,en
What's in Store for SoundHound AI's (SOUN) Q3 Earnings?,2023-11-07,Yahoo Finance,News Outlet,en
IBM launches $500M fund to invest in enterprise AI startups,2023-11-07,SiliconANGLE News,News Outlet,en
IBM launches $500M venture fund targeting artificial intelligence sector,2023-11-07,WRAL TechWire,Blog,en
Is This Artificial Intelligence (AI) Stock About to Join Microsoft ...,2023-11-07,The Motley Fool,Blog,en
1 Artificial Intelligence (AI) Stock You May Want to Buy Hand Over ...,2023-11-07,The Motley Fool,Blog,en
2 Top Artificial Intelligence (AI) Stocks to Buy Now and Hold for the ...,2023-11-07,Nasdaq,Other,en
"Meta to Block Political, Financial Advertisers From Using AI: Report",2023-11-07,Decrypt,Other,en
Rafay Launches Infrastructure Templates for Generative AI to Help Enterprise Platform Teams Bring AI Applications to Market Faster,2023-11-07,Yahoo Finance,News Outlet,en
GenAI SaaS OnFinance AI Raises $1.05 Mn in an Oversubscribed ...,2023-11-07,IndianWeb2.com,Other,en
How AI poses growing risks to financial stability,2023-11-07,Axios,Other,en
3 Top Artificial Intelligence Stocks to Buy in November,2023-11-07,The Motley Fool,Blog,en
Artificial Intelligence: Making waves in the stock market ...,2023-11-07,Data Science Central,Other,en
Has Artificial Intelligence already conquered the world of finance?,2023-11-07,CEOWORLD magazine,Magazine,en
UTSA MATRIX AI Consortium receives $2 million to make AI more ...,2023-11-07,UTSA,Academic Journal,en
Billionaire Flipkart Founder Binny Bansal Launching Stealth AI Startup,2023-11-07,Bloomberg,News Outlet,en
Kai-fu Lee's AI startup achieves $1 billion valuation in eight months ...,2023-11-07,TechNode,Blog,en
Smartsheet Stock: AI Play To Watch Amid Hefty Earnings Growth,2023-11-07,Investor's Business Daily,News Outlet,en
AI robot appointed CEO of this multi-million company,2023-11-07,grmdaily.com,News Outlet,en
Would you buy soap from an AI-powered robot dog?,2023-11-07,EurekAlert,Other,en
Head of Open AI: Chat GPT is used by 100 million people every week,2023-11-07,Euronews.rs,News Outlet,sr
Billionaire Flipkart founder Bansal ready to launch stealth AI startup,2023-11-07,Business Standard,News Outlet,en
Chinese billionaire Kai-Fu Lee's AI startup became a unicorn after...,2023-11-07,VnEconomy,Other,vi
Kai-Fu Lee’s AI startup announces and open-sources bilingual AI LLM,2023-11-07,iThome,Other,ko
"GPT Revolution｜A new batch of AI large model registrations have been registered through large models such as NetEase, Zhihu, and Ant Financial...",2023-11-07,财新,Other,zh-cn
American AI Startups Quietly Raise Money From Top Chinese VC ...,2023-11-07,The Information,News Outlet,en
"The startup 01.AI, founded by computer scientist and AI pioneer Kai-Fu...",2023-11-06,Developpez.com,Other,fr
SKT invests 9.4 billion won in LLM app market and AI healthcare startup,2023-11-06,머니투데이,News Outlet,ko
Chinese startup '01.AI' becomes a unicorn in 8 months with open source LLM model,2023-11-06,AI타임스,News Outlet,ko
AI pioneer Lee Kaifu's startup becomes a unicorn in less than 8 months - LLM...,2023-11-06,Bloomberg.co.jp,News Outlet,ja
AI startup Aleph Alpha raised half a billion dollars from German industrial giants,2023-11-06,Економічна правда,Other,uk
Outerbounds Unleashes the Power of Custom Generative AI and Large Language Model (LLM) Solutions for All Enterprises,2023-11-06,Yahoo Finance,News Outlet,en
The Chinese AI startup that managed to become a unicorn in just 8 months,2023-11-06,Globes,Other,iw
Chinese substitute LLaMA; 01.AI startup introduced open source artificial intelligence,2023-11-06,دیجیاتو,Other,fa
Tech startups try to sell a cautious Pentagon on artificial intelligence,2023-11-06,Chattanooga Times Free Press,News Outlet,en
"Get to know ""01.AI"" a startup from Kaifu-Lee that took only 8 months to reach the status ...",2023-11-06,Brand Buffet,Other,th
Elon Musk’s Artificial Intelligence Startup xAI Will Merge With X After Releasing ‘Rebellious’ Grok Chatbot,2023-11-06,Forbes,Magazine,en
Today’s Cache | Elon Musk to integrate AI startup with X; Humanoid robots and their problems; OpenAI plans for developer conference debut,2023-11-06,The Hindu,News Outlet,en
Elon Musk says AI will remove need for jobs and create ‘universal high income.’ But workers don’t want to wait for robots to get financial relief,2023-11-06,Fortune,News Outlet,en
AI chatbot performed illegal financial trade and lied about it too,2023-11-06,indulgexpress,Press Release Service,en
"AI chatbot can perform illegal financial trade, lie about it too",2023-11-06,Ahmedabad Mirror,Other,en
Dubai to hold generative AI challenge offering Dh1 million to winners,2023-11-06,The National,News Outlet,en
AI Briefing: Here is how a startup named after a Black inventor is ...,2023-11-06,Digiday,Other,en
CBS News Launches Venture To Identify AI Deepfakes And Misinformation,2023-11-06,Deadline,Other,en
"Down 83% From All-Time Highs, Can This AI Stock Make a ...",2023-11-06,The Motley Fool,Blog,en
Here's the Artificial Intelligence (AI) Stock Most Likely to Beat Tesla ...,2023-11-06,The Motley Fool,Blog,en
2 No-Brainer Artificial Intelligence (AI) Stocks to Buy Now That Could ...,2023-11-06,The Motley Fool,Blog,en
Building a startup in the age of AI: John Stanton on capital markets ...,2023-11-06,GeekWire,Press Release Service,en
SK Telecom invests in US-based AI startups,2023-11-06,RCR Wireless News,News Outlet,en
Two Months Release of Zoom AI Companion Reaches 1 Million Meeting Summary,2023-11-05,Selular.ID,Other,id
China Startup 01.AI Hits $1 Billion Value With Top-Ranked Open ...,2023-11-05,BNN Bloomberg,News Outlet,en
When can AI become a professional financial analyst,2023-11-05,GTT KOREA,Other,ko
Artificial Intelligence (AI) in Medical Market to Develop New Growth ...,2023-11-05,Argyle Report,Other,en
Enterprise Artificial Intelligence (AI) Market Growing Rapidly by ...,2023-11-05,Argyle Report,Other,en
Tech News | ✓AI Chatbot: AI Chatbot did illegal financial trading and also lied about it,2023-11-05,LatestLY हिन्दी,Other,hi
AI Safety Summit 2023: Artificial Intelligence Chatbot GPT-4 Performed Illegal Financial Trade and Lied,2023-11-05,LatestLY,Other,en
AI Pioneer Kai-Fu Lee Builds $1 Billion Startup in Eight Months,2023-11-05,Yahoo Finance UK,News Outlet,en
"Elon Musk’s AI Venture, xAI, to Launch First Model Amid Industry Buzz",2023-11-05,Next Gen HERo,Other,en
Best Artificial Intelligence (AI) Stock to Buy: Snowflake vs. Datadog,2023-11-05,The Motley Fool,Blog,en
Apple CEO Tim Cook calls artificial intelligence a fundamental technology and is investing in generative AI,2023-11-04,科技讯,Other,zh
Is This Artificial Intelligence (AI) Stock-Split Stock a Buy After Q3 ...,2023-11-04,The Motley Fool,Blog,en
"China to Drive Development of AI, Robots to Boost Growth – SCMP",2023-11-04,Asia Financial,Other,en
Elon Musk Unveils XAI Startup: AI Debut Sends Crypto Token Soaring,2023-11-04,TronWeekly,Magazine,en
2 Artificial Intelligence (AI) Growth Stocks to Buy Hand Over Fist in ...,2023-11-04,The Motley Fool,Blog,en
It's Like I Created a Baby': An AI Matriarch Appraises Her Offspring,2023-11-04,The Information,News Outlet,en
Insight Enterprises suits up AI chatbot for South Australian education,2023-11-03,ARNnet,Other,en
"Riding high on the AI wave, are Indian tech startups missing the bus on innovation?",2023-11-03,The Economic Times,News Outlet,en
"Xiao-I Launches Hua Zang Universal LLM Ecosystem, Empowering Enterprises to Customize and Launch AI-Driven Services and Products",2023-11-03,Yahoo Finance,News Outlet,en
1 Top Data Center Stock to Bet on Cloud AI,2023-11-03,The Motley Fool,Blog,en
Shinhan AI introduces GPT service that answers the stock market,2023-11-03,바이라인네트워크,Other,ko
UiA spends 35 million on developing its own artificial intelligence,2023-11-03,Khrono,Other,no
"AI Chatbot·ChatGPT related stocks, ‘rising’ Polaris Office, Saltlux, Conan Technology, Selvas AI, Mind AI… ‘falling’ ISU PETASYS",2023-11-03,포인트데일리,Other,ko
Thomson Reuters to spend more than $100 million annually on generative AI,2023-11-03,IT World Canada,Other,en
Elon Musk’s AI startup is about to release its tech to a ‘select group’—and he says it’s ‘the best that exists’ on the market,2023-11-03,Fortune,News Outlet,en
Most execs do not see AI shrinking financial teams,2023-11-03,CFO Dive,Other,en
2 Artificial Intelligence (AI) Stocks That Could Go Parabolic,2023-11-03,The Motley Fool,Blog,en
Pro Weekly: Behind the Explosion of Generative AI Startups,2023-11-03,The Information,News Outlet,en
"Want AI buy-in at work? Champion transparency, research finds",2023-11-03,CIO Dive,Other,en
New startup hopes to tap into both the AI boom and creator economy,2023-11-03,Digiday,Other,en
Tech Giants Spend Billions on AI Startups—and Get Just as Much ...,2023-11-03,The Wall Street Journal,Academic Journal,en
How to bootstrap an AI startup,2023-11-03,TechCrunch,Blog,en
Why SoundHound AI Stock Fell 21% In October,2023-11-03,The Motley Fool,Blog,en
BuzzFeed’s Struggles Continue As It Banks On Gen AI And Long ...,2023-11-03,AdExchanger,Other,en
Five9 Earnings: International Expansion and AI Growth Offset Soft ...,2023-11-03,Morningstar,Other,en
Zoom AI Companion is popular: used 1 million times in 2 months,2023-11-03,DutchCowboys,Other,nl
Elon Musk says his new startup xAI will debut its artificial intelligence Saturday,2023-11-03,CNBC,News Outlet,en
"New age of AI will lead to opportunities, growth: Microsoft’s Satya Nadella",2023-11-02,Khaleej Times,News Outlet,en
Why venture capital is a better AI play than large-cap equities,2023-11-02,Top1000funds.com,Other,en
"AI Based Chatbots Market Analysis, Segments, Growth and Value ...",2023-11-02,Argyle Report,Other,en
KT presents AI ‘faith’-based solution at Gwangju Startup Festival,2023-11-02,이지경제,Other,ko
Google Cloud’s Vertex AI Search adds new enterprise-ready ...,2023-11-02,SiliconANGLE News,News Outlet,en
Ukraine Is Using AI to Help Clear Millions of Landmines,2023-11-02,TIME,Magazine,en
Nvidia And Microsoft Stock Are Getting An Artificial Intelligence ...,2023-11-02,Investor's Business Daily,News Outlet,en
Artificial intelligence (AI) market 2023-2027; North America is estimated to contribute 56% to the growth of the global market - Technavio,2023-11-02,Yahoo Finance,News Outlet,en
IBM Launches Generative AI Coding Assistant for Enterprise ...,2023-11-02,Voicebot.ai,News Outlet,en
“It really made a difference.” McKinsey helps incubate AI startups,2023-11-02,McKinsey,Blog,en
1 Incredibly Cheap Artificial Intelligence (AI) Semiconductor Stock ...,2023-11-02,The Motley Fool,Blog,en
"DataStax Launches RAGStack, an Out-of-the-box Retrieval Augment Generation Solution, to Simplify RAG Implementations for Enterprises Building Generative AI Applications",2023-11-02,Yahoo Finance,News Outlet,en
Generative AI to reignite mobile phone growth says MediaTek CTO,2023-11-02,DIGITIMES,News Outlet,en
"The Information Policy Council today released the ""AI Software Development Guidelines"" 6 major aspects to establish responsible operations for enterprises",2023-11-02,Yahoo,Other,ko
Former Paige.AI CEO Launches Microbiome Profiling Startup,2023-11-02,MedCity News,News Outlet,en
Responsiv Raises $3M to Build the AI Assistant for In-House Legal,2023-11-02,Yahoo Finance,News Outlet,en
Lemonade Stock Skyrockets 37% on This Artificial Intelligence (AI ...,2023-11-02,The Motley Fool,Blog,en
Fintechs And Bigtechs Share The Spoils As Gen AI Reshapes Financial Services,2023-11-02,Forbes,Magazine,en
Shield AI Raises Another $200 Million In Funding To Scale V-BAT ...,2023-11-02,Avionics International,Other,en
2 Artificial Intelligence (AI) Growth Stocks That Can Join Apple and ...,2023-11-02,The Motley Fool,Blog,en
New AI Startup Freeplay Helps Companies Test and Build LLM ...,2023-11-02,Robots.net,Other,en
Top! This Mutual Fund Investment Platform Uses AI Technology,2023-11-01,CNBC Indonesia,News Outlet,id
"AI Is About to Remake the PC. Dell, HP Stock Look Like Buys.",2023-11-01,Barron's,Other,en
Reliable renewable energy to fuel AI growth,2023-11-01,Daijiworld.com,Other,en
Could an AI chatbot fix your finances?,2023-11-01,The Week,News Outlet,en
Indonesian startup Mimin expands Generative AI services to ...,2023-11-01,TechNode Global,Blog,en
Dell AI: Why can enterprises not hold back on generative AI?,2023-11-01,Tech Wire Asia,Blog,en
2 Little-Known Artificial Intelligence (AI) Growth Stocks to Buy Before ...,2023-11-01,The Motley Fool,Blog,en
"Jona, a Personalized Health Company Using AI to Analyze the Gut Microbiome, Launches with $5M in Funding",2023-11-01,Yahoo Finance,News Outlet,en
"Artificial Intelligence Threatens Millions Of Jobs, But It's A ...",2023-11-01,LatinTimes,News Outlet,en
2 Artificial Intelligence-Powered Growth Stocks to Buy Now,2023-11-01,msnNOW,News Outlet,en
Artificial Intelligence already working one million hours a year for ...,2023-11-01,LBC,Other,en
"UK invests $273 million in AI supercomputer as it seeks to compete with U.S., China",2023-11-01,CNBC,News Outlet,en
The State of AI in the Enterprise 2023: AI Investment Trends,2023-11-01,Spiceworks News and Insights,News Outlet,en
10 Best AI Startups in India to Join in 2024,2023-11-01,Analytics Insight,Blog,en
Artificial Intelligence Fueling Colossal Stock Market Shift,2023-11-01,RealClearMarkets,Other,en
ChatGPT Update Could Ruin Many AI Startups,2023-11-01,Decrypt en Español,Other,es
"SK Corporation C&C holds 'Prompt Utilization Meetup' in finance, communications, and manufacturing... Sharing cases for generative AI performance",2023-11-01,테크M,Other,ko
Open Society and Other Funders Launch New Initiative to Ensure AI ...,2023-11-01,Open Society Foundations,Other,en
"Signal: Shield AI raises $200m in Series F funding round, securing ...",2023-11-01,Airforce Technology,Blog,en
Being Predictive: Financial AI and the Regulatory Future,2023-11-01,Cato Institute,Academic Journal,en
UK Financial Regulators Publish Response to AI Consultation ...,2023-11-01,Debevoise & Plimpton LLP,Other,en
"Here is What to Know Beyond Why C3.ai, Inc. (AI) is a Trending Stock",2023-11-01,Yahoo Finance,News Outlet,en
"RiXtrema to Launch RemAI, an AI Tool with the Power to Revolutionize Research, Communication, and Trading in Financial Markets",2023-11-01,Yahoo Finance,News Outlet,en
Chroma Reaches Major Milestone: More Than One Million Computers Ran Its Vector Database for Building LLM AI Applications Last Month,2023-11-01,Yahoo Finance,News Outlet,en
"Spain calls to protect ""fundamental rights"" in the face of the emergence of AI",2023-11-01,Infobae,Other,es
Majority of Enterprises will Deploy AI Apps or APIs in Production ...,2023-10-12,Campus Technology,Blog,en
UK Tech Festival Showcases Startups Using AI for Creative Industries,2023-10-12,Nvidia,Blog,en
"Romanian AI-based platform for used cars raises EUR 300,000 in its first funding round - Romania",2023-10-12,Romania-Insider.com,News Outlet,en
Lakera and Deasie raise funding to make AI large language models ...,2023-10-12,SiliconANGLE News,News Outlet,en
80% of Enterprises will Deploy AI Apps or APIs in Production ...,2023-10-12,T.H.E. Journal,Academic Journal,en
AI 'co-partner' Ellie backed with £2.3m pre-seed funding,2023-10-12,BusinessCloud,News Outlet,en
1 Artificial Intelligence (AI) Stock to Buy Now That Could Soar Like ...,2023-10-12,The Motley Fool,Blog,en
SoundHound AI Voice-Enables New Vehicle Intelligence Domain For Instant Hands-Free Access To Car Manual,2023-10-12,Yahoo Finance,News Outlet,en
Alteryx accelerates enterprise-wide generative AI adoption with Alteryx AiDIN...,2023-10-12,PR TIMES,News Outlet,ja
LG CNS launches generative AI platform for enterprises... 4 LLM options available,2023-10-12,연합뉴스,Other,ko
GE HealthCare Signs $44 Million Contract with BARDA to Develop Artificial Intelligence-Augmented Ultrasound Technology to Aid Clinicians in Diagnosing and Treating Traumatic Injury and Enhance National Preparedness for Mass Casualty Incidents,2023-10-12,Yahoo Finance,News Outlet,en
1 Magnificent Artificial Intelligence (AI) Stock That Cathie Wood Is ...,2023-10-12,The Motley Fool,Blog,en
London AI startup TitanML bags $2.8M launching AI-Powered LLM ...,2023-10-12,Tech.eu,Blog,en
"80% of enterprises will have incorporated AI by 2026, according to a Gartner report",2023-10-12,ZDNet,News Outlet,en
Box and OpenAI CEOs discuss the future of enterprise AI,2023-10-12,TechTarget,Blog,en
Q&A: How Discover Financial Services created an AI governance council,2023-10-12,Computerworld,Other,en
Character.AI's $200 Million Bet That Chatbots Are The Future Of ...,2023-10-12,Forbes Africa,Magazine,en
MEGA International Announces Udpated AI-driven Enterprise ...,2023-10-12,insideHPC,Other,en
"Solix Technologies, Inc. Announces SOLIXCloud Enterprise AI to ...",2023-10-12,PR Newswire,News Outlet,en
AI’s Rapid Growth Combined with Other Emerging Technologies ...,2023-10-12,Retail TouchPoints,Other,en
"Meta Is Paying Celebs Millions for Their AI Likeness, Chatbot: Report",2023-10-12,Entrepreneur,Press Release Service,en
SA startup Cue secures $500k funding to modernize AI-powered ...,2023-10-12,Innovation Village,Other,en
This startup's AI is used by multi-million dollar companies to hire top talent,2023-10-12,Yahoo,Other,es
Local AI start-up bags R10m funding,2023-10-11,ITWeb,Other,en
AI friend Replika has been downloaded over 10 million times! Can AI promote mental health? - Future City@World...,2023-10-11,天下雜誌,Other,ko
“Next year will be critical for generative AI startups due to cost issues”,2023-10-11,AI타임스,News Outlet,ko
Proteus Space raises seed funding for AI-assisted smallsat ...,2023-10-11,SpaceNews,News Outlet,en
This Startup's AI Is Used By Billion Dollar Companies To Hire Top ...,2023-10-11,Forbes,Magazine,en
Chat GPT's daily maintenance cost alone is 900 million won... “Generative AI bubble will burst next year”,2023-10-11,한국일보,Other,ko
"How AI can fuel financial scams online, according to industry experts",2023-10-11,ABC News,News Outlet,en
NYC-based AI model startup Fantix secures $1.6m in funding,2023-10-11,FinTech Global,Blog,en
Better Artificial Intelligence (AI) Stock: Nvidia vs. AMD,2023-10-11,The Motley Fool,Blog,en
How a Lack of Data Governance Is Blocking Enterprise AI Adoption,2023-10-11,Newsweek,News Outlet,en
AI-Powered Data Analysis: 5 Essential Tools for Startups,2023-10-11,YourStory,Press Release Service,en
Public sector buyers of AI tech must interrogate its suitability,2023-10-11,ComputerWeekly.com,Magazine,en
Why Did Bill Gates Invest $15m in AI Assistant Startup LikeWise?,2023-10-11,Techopedia,Blog,en
Adobe Stock Is Rallying. The AI Outlook Is Good.,2023-10-11,Barron's,Other,en
The reality of ``GPU buying losses'' hindering Japan's generative AI strategy,2023-10-11,東洋経済オンライン,Other,ja
Will This Hot Artificial Intelligence (AI) Stock Keep Its Momentum or ...,2023-10-11,The Motley Fool,Blog,en
Legaltech startup Nexus AI attracts 2 billion won seed investment - Chosun Biz,2023-10-11,조선비즈,Other,ko
Better Artificial Intelligence Stock: Amazon vs. Symbotic,2023-10-11,The Motley Fool,Blog,en
Gymshark Plans Accelerated Global Growth with Google Cloud AI,2023-10-11,PR Newswire,News Outlet,en
Why AMD's Upcoming Chips Won't Be the Savior AI Startups Are ...,2023-10-11,The Information,News Outlet,en
Missed Nvidia? 2 Promising AI Stocks to Buy Now,2023-10-11,The Motley Fool,Blog,en
Character.AI's $200 million bet that chatbots are the...,2023-10-11,Forbes México,Magazine,es
OpenText Delivers Broad AI Capabilities for the Enterprise with Aviator,2023-10-11,Forbes,Magazine,en
Your Firm and Your AI Financial Reporting,2023-10-11,CPAPracticeAdvisor.com,Press Release Service,en
Legal Update | CFPB Issues New Guidance for AI-Driven Credit ...,2023-10-11,Husch Blackwell,Other,en
This Artificial Intelligence Stock Is Now Cathie Wood's Second ...,2023-10-10,The Motley Fool,Blog,en
Why Artificial Intelligence (AI) Isn't a Fad for These 2 Stocks,2023-10-10,The Motley Fool,Blog,en
AI Robotics Startup NEURA Robotics Secures Additional Funds For ...,2023-10-10,"""metrology news""",News Outlet,en
"Cleanlab Raises $25M Series A to Automatically Increase the Value and Accuracy of the World’s Enterprise Data Used by AI, ML, and Analytics Solutions",2023-10-10,Yahoo Finance,News Outlet,en
Artificial Intelligence and Alternative Data in Credit Scoring and ...,2023-10-10,S&P Global,Other,en
1 Warren Buffett AI Stock Is Down 31% -- Is It Time to Buy?,2023-10-10,The Motley Fool,Blog,en
Google's Asia-Pacific Women Founders Fund Picks First Batch Of AI ...,2023-10-10,Forbes,Magazine,en
Exclusive: Writesea buys Nigerian AI startup CoverAI in five-figure deal,2023-10-10,TechCabal,Blog,en
Saudi-Chinese cooperation raises concerns over access to AI chips - FT,2023-10-10,Економічна правда,Other,uk
"Generative AI, financial models top of mind for state CIOs in ...",2023-10-10,StateScoop,Other,en
"Banks, credit unions testing AI models for underwriting in credit cycle",2023-10-10,S&P Global,Other,en
Innodata Stock: Mispriced AI Data Engineering And LLM Training ...,2023-10-10,Seeking Alpha,Other,en
AI and Fundraising: Does Fundraising Need a Human Element?,2023-10-10,Unite.AI,News Outlet,en
Why AI Poses a Mortal Threat to Financial Advisors,2023-10-10,Advisor Perspectives,Other,en
Cleanlab Raises $25 Million To Help Solve AI Models' Data Mess,2023-10-10,Forbes,Magazine,en
1 Artificial Intelligence (AI) Stock That's a Screaming Buy in October ...,2023-10-10,The Motley Fool,Blog,en
German AI and robotics startup NEURA Robotics raises €15.1M for ...,2023-10-10,Silicon Canals,Other,en
"Dell says servers, not PCs, are its main growth engine in the AI era",2023-10-09,The Seattle Times,News Outlet,en
"Buy this FTSE 100 artificial intelligence (AI) stock, says Goldman Sachs",2023-10-09,Yahoo Finance UK,News Outlet,en
"Spencer Rascoff on AI: Legacy Companies Take the Lead, Startups Face Challenges – Full Video",2023-10-09,Skift Travel News,News Outlet,en
US Prosecutors Calls SBF’s $500 Million Investment in AI Firm Anthropic 'Wholly Irrelevant',2023-10-09,Decrypt,Other,en
"Machine learning chips, ‘joint growth’ with AI and quantum computing",2023-10-09,GTT KOREA,Other,ko
Tom Brady adds to his USD 300 million net worth with MASSIVE payment from Meta for AI Chatbot likeness,2023-10-09,PINKVILLA,Other,en
Meta paying celebrity faces of AI chatbots as much as $5 million,2023-10-09,Business Insider,News Outlet,en
These startups are using AI to cut energy waste from buildings,2023-10-09,Canary Media,Other,en
Generative AI Agent Training Startup Luda Raises $7M,2023-10-09,Voicebot.ai,News Outlet,en
Saudi-China collaboration raises concerns about access to AI chips,2023-10-09,Financial Times,News Outlet,en
Data reveals dip in generative AI funding,2023-10-09,SiliconRepublic.com,Other,en
Optimizing AI for Financial Advisors,2023-10-09,Wealth Management,Other,en
"Generative AI, a new growth engine for the U.S. IT industry",2023-10-09,The Guru (더 구루),News Outlet,ko
Financial industry group warns SEC AI proposal would hurt ...,2023-10-09,InvestmentNews,News Outlet,en
This Iconic Artificial Intelligence Stock Is Hiding in Plain Sight,2023-10-09,The Motley Fool,Blog,en
Hedge fund Millennium's new head of AI loves these engineers,2023-10-09,eFinancialCareers,Other,en
Is This Stock-Split Artificial Intellgience (AI) Stock a Top Buy Right ...,2023-10-08,The Motley Fool,Blog,en
Link Building: U.K. Tech Veterans Connect AI Startups With Corporates,2023-10-08,Forbes,Magazine,en
Meta Platforms (NASDAQ:META): A Must-Watch Stock for AI ...,2023-10-07,TipRanks,Press Release Service,en
This AI Startup Wants to Help Decode Your Dreams,2023-10-07,Decrypt,Other,en
Generative AI Unleashed: Charting The Enterprise Future,2023-10-07,Forbes,Magazine,en
This Magnificent Artificial Intelligence (AI) Stock Has Crushed Nvidia ...,2023-10-07,The Motley Fool,Blog,en
"Tom Brady being paid ""millions"" for Meta's AI chatbot likeness: Report",2023-10-07,Sportskeeda,Other,en
GenAI Innovation: A Paradigm Shift for Enterprises in the AI Era,2023-10-06,Express Computer,Press Release Service,en
"Mistral AI, which raised the highest seed amount in Europe, launches its first LLM “Mistral 7B...",2023-10-06,BRIDGE,Other,ca
J.P. Morgan Promises Its Fundamental Portfolio Managers an AI 'Co ...,2023-10-06,Institutional Investor,Academic Journal,en
"As Interest Rates Popped, Generative AI Stocks Fell. Here’s Why Investors Should Stay Optimistic",2023-10-06,Forbes,Magazine,en
Top 10 AI stocks with the biggest market cap increases in the past ...,2023-10-06,Investing.com Canada,Other,en
12 Best Artificial Intelligence (AI) Stocks To Buy According to Hedge Funds,2023-10-06,Yahoo Finance,News Outlet,en
Hedge Funds Find It's Really Hard to Beat the Market With AI (Correct),2023-10-06,Bloomberg Law,News Outlet,en
Why is private AI the next frontier for enterprises?,2023-10-06,TechHQ,Blog,en
Microsoft ties up with Korean startup Wrtn on AI solutions,2023-10-06,Korea Economic Daily,News Outlet,en
Buy genuine Windows 11 Pro for $11.69 and explore the AI-powered search Engine – Bing Chat,2023-10-06,Gizchina.com,Other,en
"Microsoft ventures into AI chip development, reducing reliance on ...",2023-10-06,ReadWrite,Other,en
Microsoft Stock: Don't Overlook This AI Pick Hiding in Plain Sight,2023-10-06,Nasdaq,Other,en
OpenAI's Sam Altman backs Indian teen prodigy's AI startup in $2.3 ...,2023-10-06,Tech Funding News,News Outlet,en
SoundHound AI Stock Lost 20% Last Month -- Here's How,2023-10-06,The Motley Fool,Blog,en
2 Stock-Split Artificial Intelligence (AI) Stocks to Buy Hand-Over Fist ...,2023-10-06,The Motley Fool,Blog,en
This Artificial Intelligence (AI) Stock Is Too Cheap to Ignore Right Now,2023-10-06,The Motley Fool,Blog,en
The growth of AI in grocery will have its limits,2023-10-06,Winsight Grocery Business,News Outlet,en
Vietnam's finance and banking sector changes thanks to AI,2023-10-06,VietNamNet,Other,en
"Meta paying Tom Brady, Paris Hilton millions to use likeness for AI chatbots: report",2023-10-06,New York Post,News Outlet,en
These Stock-Split Stocks Could Become AI Giants,2023-10-06,The Motley Fool,Blog,en
Waker provides LLM-based US stock market analysis content to KBS,2023-10-06,AI타임스,News Outlet,ko
Laying the foundation for data- and AI-led growth,2023-10-05,MIT Technology Review,Academic Journal,en
Every enterprise plans to increase AI spending next year,2023-10-05,ZDNet,News Outlet,en
"Global Artificial Intelligence (AI) in Medical Writing Market Size/Share Envisaged to Reach USD 2,072.30 Million by 2032, Growing at a 12.1% CAGR: Polaris Market Research",2023-10-05,Yahoo Finance,News Outlet,en
Observe raises $50M and integrates generative AI to simplify ...,2023-10-05,SiliconANGLE News,News Outlet,en
AI in financial services: is this the new dotcom bubble?,2023-10-05,Lombard Odier,Other,en
"Media Buying Summit Recap: Retail media's revolution, AI and ...",2023-10-05,Digiday,Other,en
Bill Gates-Backed Startup Launches AI Chatbot for Personalized ...,2023-10-05,The Wall Street Journal,Academic Journal,en
Meta Is Paying Creators Millions for AI Chatbots,2023-10-05,The Information,News Outlet,en
AI's tectonic shift: A blueprint for AI integration in the modern enterprise,2023-10-05,SiliconANGLE News,News Outlet,en
GenAI Innovation: A Paradigm Shift for Enterprises in the AI Era,2023-10-05,CRN.in,Other,en
LTN Startup Spotlight: Paxton AI Founder Tanguy Chau Sees ...,2023-10-05,Law.com,Other,en
Half of finance work could be AI by 2030,2023-10-05,Inquirer.net,Other,en
Top Artificial Intelligence (AI) Stock: Is C3.ai or Palantir the Better Buy?,2023-10-05,The Motley Fool,Blog,en
AI: Flipping the coin in financial services,2023-10-05,FCA,Other,en
"Local AI startup surpasses Alibaba, ranked first in the world in LLM in hugging face",2023-10-05,머니투데이,News Outlet,ko
Google announces 11 African Startups for AI First programme,2023-10-05,Premium Times,News Outlet,en
Gradient raises $10M for its AI customization and inference platform,2023-10-05,SiliconANGLE News,News Outlet,en
The 3 Best Artificial Intelligence (AI) ETFs to Buy in 2023,2023-10-05,InvestorPlace,Other,en
[Webinar] Fundamentals of Artificial Intelligence for Lawyers and ...,2023-10-05,JD Supra,Press Release Service,en
Researchers awarded $2.8 million to develop AI models,2023-10-04,UCLA Health Connect,Academic Journal,en
Custom generative AI models an emerging path for enterprises,2023-10-04,TechTarget,Blog,en
"Google puts more AI into new Pixels, raises price",2023-10-04,CTV News,News Outlet,en
Cognitiv Releases AI Solutions For More Inclusive & Diverse Media Buying,2023-10-04,Demand Gen Report,Other,en
"SoundHound Collabs with Olo, Further Scaling Voice AI Ordering in ...",2023-10-04,Food On Demand,Other,en
"Britain limits AI summit guest list to 100 invitees, excludes startups",2023-10-04,Reuters,News Outlet,en
"AI automatically generates ""financial analysis report"": Financial AI equipped with GPT-4...",2023-10-04,PR TIMES,News Outlet,ja
Korean AI needs to break through the limitations of “Go beyond domestic AI” < IT/Startups < IT/Startups…,2023-10-04,이코노믹리뷰,Other,ko
Is SoundHound AI Stock a Buy Now?,2023-10-04,The Motley Fool,Blog,en
Noteworthy AI Startups Poised for Success in 2023,2023-10-04,GovCon Wire,Press Release Service,en
AI Wearables — The Future Is NOW! | by HungryMinded | Seeds For ...,2023-10-04,Medium,Blog,en
AI Index: Google's Gemini Model; Writer Secures Funding for LLM ...,2023-10-04,Acceleration Economy,Other,en
Launch Credit Union Provides Tips to Combat Artificial Intelligence ...,2023-10-04,SpaceCoastDaily.com,News Outlet,en
"Google packs more artificial intelligence into new Pixel phones, raises prices for devices by $100",2023-10-04,ABC News,News Outlet,en
Visa to invest $100m in generative AI startups,2023-10-04,ComputerWeekly.com,Magazine,en
AI stock market data ‘Waker’ develops global data business with London Stock Exchange Group,2023-10-04,beSUCCESS,Other,ko
"Google packs more artificial intelligence into new Pixel phones, raises prices for devices by $100",2023-10-04,EL PAÍS USA,Other,en
Visa launches $100 million venture fund for generative AI startups,2023-10-03,Moneycontrol,Other,en
How to futureproof the financial services sector with AI,2023-10-03,Retail Banker International,Other,en
Visa launches $100 mln venture fund for generative AI startups,2023-10-03,ETTelecom,Other,en
IBM’s New Granite Foundation Models Enable Safe Enterprise AI,2023-10-03,Forbes,Magazine,en
The founder who sold the startup that would become Amazon’s Alexa called Big Tech ‘apex predators’ and says that’s why everyone is scared of AI,2023-10-03,Fortune,News Outlet,en
Female-founded AI startups win just 2% of funding deals in UK,2023-10-03,The Guardian,News Outlet,en
Where Will SoundHound AI Stock Be in 10 Years?,2023-10-03,The Motley Fool,Blog,en
"Seattle startup Muir AI, which helps companies calculate complex ...",2023-10-03,GeekWire,Press Release Service,en
"Helios launches AI supply chain analyst Cersi, raises $1.85m",2023-10-03,AgFunderNews,News Outlet,en
3 Top Artificial Intelligence (AI) Stocks to Buy in October,2023-10-03,The Motley Fool,Blog,en
"Domestic startup Waker, London Stock Exchange and AI stock market data service",2023-10-03,조선일보,Other,ko
Coffee Briefing Oct. 3 – Cisco renews funding for Connected North; Amazon Bedrock goes GA; SCALE AI invests over $20 million in five AI projects; and more,2023-10-03,IT World Canada,Other,en
"Multimodal AI Growth Opportunities in Enterprise Applications, 2023 Market Research Report - Increasing Use Cases in Diverse Industries Enable Stakeholders to Better Monetize Data",2023-10-03,Yahoo Finance,News Outlet,en
"Israeli startup CEOs explain how they aim to make AI better, cheaper and faster",2023-10-03,The Times of Israel,News Outlet,en
Humata AI Raises $3.5 Million Led by Google’s Gradient Ventures,2023-10-03,Decrypt,Other,en
AI Stock Holds Up In A Brutal Market,2023-10-03,Investor's Business Daily,News Outlet,en
AI's 'Moneyball' Approach to Beating Human Stock Pickers,2023-10-03,Bloomberg,News Outlet,en
Prompt AI Raises $5 Million In Seed Funding To Revolutionize ...,2023-10-03,AiThority,Other,en
Visa Creates $100M Generative AI Startup Investment Fund,2023-10-03,Voicebot.ai,News Outlet,en
AI offers welcome potential boost to sluggish US productivity growth,2023-10-02,S&P Global,Other,en
AI's impact on credit union lending,2023-10-02,CUNA News,News Outlet,en
"Fusion Fund Powers Founders Bringing AI to Healthtech, Life ...",2023-10-02,Genetic Engineering & Biotechnology News,News Outlet,en
How much carbon pollution is in your product? Muir AI raises $3.25 ...,2023-10-02,TechCrunch,Blog,en
Explainable AI will blaze a trail in fund administration,2023-10-02,Private Funds CFO,Press Release Service,en
Nextdata Closes $12M in Seed Funding to Unlock the AI Revolution ...,2023-10-02,Datanami,News Outlet,en
Why ‘AI copilot’ startups are so hot with VCs right now,2023-10-02,Fortune,News Outlet,en
"AI startup SambaNova updates processor, software",2023-10-02,Network World,Broadcast Media,en
AI needs guardrails; enterprise blockchain has a role to play,2023-10-02,CoinGeek,Other,en
Sequoia’s Botha Says Venture Capital Firm Is Focusing on AI Apps After OpenAI Success,2023-10-02,Yahoo Finance,News Outlet,en
Generative AI Learning Startup Gizmo Raises $3.5M,2023-10-02,Voicebot.ai,News Outlet,en
AI Startups Are Facing a Reckoning — The Information,2023-10-02,The Information,News Outlet,en
OpenFold Drug Discovery AI Research Consortium Announces Funding of Large-Scale Protein Data Collection at Prof. Gabriel Rocklin’s Laboratory at Northwestern University,2023-10-02,Yahoo Finance,News Outlet,en
How the Financial-Services Industry Can Benefit from Generative AI,2023-10-02,International Banker,Other,en
Salesforce (CRM) Banks on Generative AI for Long-Term Growth,2023-10-02,Yahoo Finance,News Outlet,en
AI's staggering growth in health: Benefits and limitations of artificial ...,2023-10-02,New Zealand Doctor Online,Other,en
Gen AI firm Nexusflow clinches $10.6m in seed funding round,2023-10-02,FinTech Global,Blog,en
Flows into AI funds wane as US rate worries weigh,2023-10-02,Yahoo Finance,News Outlet,en
Generative AI startup Nexusflow raises $10.6 Million in seed funding ...,2023-10-02,ETCIO South East Asia,Other,en
Booz Allen Hamilton invests in AI security startup HiddenLayer,2023-10-02,C4ISRNET,Other,en
Cathie Wood Says Software Is the Next Big AI Buying Opportunity. 2 ...,2023-10-02,The Motley Fool,Blog,en
Samsung to manufacture chips from AI chip startup Tenstorrent,2023-10-02,Reuters,News Outlet,en
Flows into AI funds wane as US rate worries weigh,2023-10-02,Reuters,News Outlet,en
Future Digital Technology's Trailblazing Journey: How Innovation and AI Are Shaping the Future of Finance,2023-10-02,Yahoo Finance,News Outlet,en
Better Artificial Intelligence Stock: Nvidia vs. Super Micro Computer,2023-10-02,The Motley Fool,Blog,en
4 Super Semiconductor Stocks to Buy for the Artificial Intelligence ...,2023-10-02,The Motley Fool,Blog,en
"SoundHound AI, Inc. (NASDAQ:SOUN): Artificial Intelligence Speaks ...",2023-10-02,The Wall Street Transcript,News Outlet,en
Fully Funded Artificial Intelligence Training Unveiled to Propel ...,2023-10-02,FE News,News Outlet,en
Artificial Intelligence Stocks: Buy Opportunity In October 2023?,2023-10-01,Investing Haven,Other,en
Mistral: the French AI startup valued at $260 million...,2023-10-01,Developpez.com,Other,fr
Amazon shakes up the artificial intelligence industry with millionaire...,2023-10-01,El Nacional,Other,es
2 AI Stocks With Bullish Catalysts & High Growth Prospects,2023-10-01,Yahoo Finance,News Outlet,en
How AI chatbot advancements drive Web3.0 development and economic growth,2023-10-01,The Financial Express,Press Release Service,en
"Cohere unveils enterprise chatbot and API...""Enhanced functions with RAG""",2023-10-01,AI타임스,News Outlet,ko
Apply for Jeonnam-type preliminary social enterprise designation,2023-10-01,AI타임스,News Outlet,ko
Better AI Stock: Applied Digital vs. SentinelOne,2023-10-01,The Motley Fool,Blog,en
Prins AI Raises $100M in Series B Funding,2023-10-01,FinSMEs,Other,en
"Asking ChatGPT for financial advice? Only 37% of adults are interested in AI tools to manage money, CNBC survey finds",2023-09-12,CNBC,News Outlet,en
Transform Accelerator Announces Data Science and AI Startups ...,2023-09-12,Polsky Center for Entrepreneurship and Innovation,Press Release Service,en
"AI chip startup Enfabrica raises $125 million, with backing from Nvidia",2023-09-12,Reuters,News Outlet,en
"Lotte Shopping, global LLM startup 'Upstage' and AI created specifically for the distribution industry...",2023-09-12,인공지능신문,News Outlet,ko
"Enfabrica, which builds networking hardware to drive AI workloads, raises $125M",2023-09-12,TechCrunch,Blog,en
Generative AI will also be integrated into enterprise internal and external network maintenance! Aruba network management platform Central...,2023-09-12,iThome,Other,vi
Alibaba set to unleash AI that offers financial advice – do you feel lucky?,2023-09-12,The Register,News Outlet,en
Gary Gensler confirms SEC's use of AI for financial surveillance,2023-09-12,Cointelegraph,Other,en
AI Revolution: 2 Artificial Intelligence Growth Stocks Billionaire ...,2023-09-12,The Motley Fool,Blog,en
1 Artificial Intelligence (AI) Growth Stock Is a Must-Buy for Most ...,2023-09-12,Nasdaq,Other,en
Rackspace Technology Launches Intelligent Co-worker for the Enterprise to Make Generative Artificial Intelligence Accessible Worldwide,2023-09-12,Yahoo Finance,News Outlet,en
AI startup Upstage expands into e-commerce with ConnectWave,2023-09-11,코리아타임스,Other,en
KT invests in LLM global startup 'Upstage'... through strategic partnership...,2023-09-11,인공지능신문,News Outlet,ko
Nvidia's dominance in AI chips deters funding for startups,2023-09-11,Reuters,News Outlet,en
NIH funds cross-campus effort to train experts in AI and nutrition ...,2023-09-11,Cornell Chronicle,News Outlet,en
STARTUP STAGE: Tango targets “mass affluent” travelers with AI ...,2023-09-11,PhocusWire,Press Release Service,en
IBM Readies 'Tuning Studio' for AI Prompting in watsonx Enterprise ...,2023-09-11,Virtualization Review,Academic Journal,en
Generative AI Startup Imbue Raises $200M for 'Reasoning' Models,2023-09-11,Voicebot.ai,News Outlet,en
IBM Takes the Reins of Enterprise AI with Watsonx,2023-09-11,Forbes,Magazine,en
Why AI stocks aren't in a bubble,2023-09-11,Goldman Sachs,Blog,en
Best Artificial Intelligence (AI) Stock to Buy: Palantir Stock vs. Upstart ...,2023-09-11,The Motley Fool,Blog,en
1 Artificial Intelligence (AI) Stock Down 69% You'll Regret Not ...,2023-09-11,The Motley Fool,Blog,en
Meta buys AI training chips to create new chatbot equivalent to GPT-4,2023-09-11,ANTARA,Other,id
"ChatGPT Enterprise, emergence of paid AI service for companies",2023-09-11,보안뉴스,Other,ko
Best Artificial Intelligence (AI) Stock to Buy: Snowflake Stock vs ...,2023-09-10,The Motley Fool,Blog,en
2 Artificial Intelligence (AI) Stocks to Buy in September 2023 That ...,2023-09-10,The Motley Fool,Blog,en
3 Artificial Intelligence (AI) Winners to Buy Before the Next Bull Run ...,2023-09-10,The Motley Fool,Blog,en
"Ant Group launches Financial LLM, an AI model specifically for finance",2023-09-09,Blognone,Blog,th
Should You Buy the Dip in This AI King's Stock?,2023-09-09,The Motley Fool,Blog,en
Nvidia: Another Reason Why Buying This Artificial Intelligence (AI ...,2023-09-09,The Motley Fool,Blog,en
New AI Image Generator Startup Takes a 'Responsible' Approach to ...,2023-09-08,PetaPixel,Other,en
Finder's Kylie Purcell tests AI: a robot beats Australia's top fundies,2023-09-08,The Australian Financial Review,Academic Journal,en
Founder of Purported Artificial Intelligence-Driven Hedge Fund ...,2023-09-08,Department of Justice,Other,en
Startup debuts new AI models trained on Getty Images and other ...,2023-09-08,Digiday,Other,en
"Artificial Intelligence in Packaging Market to Surpass USD 5,375.28 Million by 2032",2023-09-08,Yahoo Finance,News Outlet,en
Is AI in the enterprise ready for primetime? Not yet.,2023-09-08,CIO,Other,en
AI Lab Imbue Secures $200M Funding from Nvidia and Others,2023-09-08,Coinspeaker,Other,en
LLM developer Spiral.AI receives 830 million yen seed from Global Brain and others...,2023-09-08,BRIDGE,Other,ja
Noetik Raises $14 Million Seed Financing to Revolutionize Cancer Immunotherapy Using Artificial Intelligence,2023-09-07,Yahoo Finance,News Outlet,en
"It is rumored that Apple spends millions of dollars every day to bet on AI, and its GPT parameters exceed 200 billion",2023-09-07,Anue鉅亨,News Outlet,ko
AI Research Lab Imbue Nabs $200 Million For Bet To Build AI 'Agents',2023-09-07,Forbes,Magazine,en
AI reading coach startup Ello raises $15M to bolster child literacy,2023-09-07,TechCrunch,Blog,en
AI startup Imbue closes $200M funding round backed by Nvidia,2023-09-07,SiliconANGLE News,News Outlet,en
Generative AI will supersede 2.4 million US jobs by 2030,2023-09-07,Interesting Engineering,Other,en
Millions of dollars invested per day to develop 'Apple GPT'... Goal of applying 'Siri',2023-09-07,AI타임스,News Outlet,ko
"AI Stock: C3.ai Sinks On Revenue Miss, Weak Outlook",2023-09-07,Investor's Business Daily,News Outlet,en
Self-driving EV venture reveals learning library that provides “visuality” to generative AI...,2023-09-07,ITmedia NEWS,News Outlet,ja
Temenos Unlocks Personalised Banking with Generative AI Solution,2023-09-07,The Fintech Times,News Outlet,en
Tencent unveils Hunyuan foundation AI model for enterprises as public debut of internet giant's chatbot remains on hold,2023-09-07,Yahoo Finance,News Outlet,en
5 Innovative AI Startups from Y Combinator’s Winter 2023 Batch,2023-09-07,Robots.net,Other,en
Better Artificial Intelligence (AI) Stock: Intel vs. Nvidia,2023-09-07,The Motley Fool,Blog,en
Better Artificial Intelligence (AI) Stock: AMD vs. Nvidia,2023-09-07,The Motley Fool,Blog,en
"Tencent debuts Hunyuan AI model, opens it up for enterprise use",2023-09-07,Computerworld,Other,en
3 Unstoppable Artificial Intelligence (AI) Stocks to Buy Now in ...,2023-09-07,Nasdaq,Other,en
Temenos First to Launch Secure Generative AI Solution in Banking ...,2023-09-06,Temenos,Other,en
Artificial Intelligence's Use and Rapid Growth Highlight Its ...,2023-09-06,Government Accountability Office,Other,en
Here's My Top AI Stock to Buy in September,2023-09-06,The Motley Fool,Blog,en
Baidu launches AI chatbot Ernie Bot and achieves more than a million...,2023-09-06,Tekios,Other,es
Former Google AI expert raises $100mn for biotech start-up,2023-09-06,Financial Times,News Outlet,en
Exclusive: AI chip startup d-Matrix raises $110 million with backing ...,2023-09-06,Reuters,News Outlet,en
Norway's oil fund is sending a message to companies on AI,2023-09-06,Financial Times,News Outlet,en
Finance platform Intuit intros generative AI capability,2023-09-06,TechTarget,Blog,en
GPU Alternative d-Matrix Raises $110 Million for AI Inference,2023-09-06,TechRepublic,Blog,en
TurboTax-maker Intuit offers an AI agent that provides financial tips,2023-09-06,Ars Technica,Blog,en
Apple is reportedly spending “millions of dollars a day” training AI,2023-09-06,The Verge,News Outlet,en
ChatGPT Enterprise: AI for Business - Artificial Intelligence,2023-09-06,eWeek,Other,en
2D To 3D AI Startup Was Actually Humans Doing the Work Manually,2023-09-06,Slashdot,Other,en
IBM's Watsonx Highlights the Power of Customized AI for Enterprises,2023-09-06,Small Business Trends,News Outlet,en
How central banks are already deploying artificial intelligence,2023-09-06,OMFIF,Other,en
"Allganize launches 100 enterprise AI applications...""Choose according to the task...",2023-09-05,AI타임스,News Outlet,ko
Why Meta's Yann LeCun isn't buying the AI doomer narrative,2023-09-05,Fast Company,Magazine,en
How Artificial Intelligence Can Transform Financial System,2023-09-05,Entrepreneur,Press Release Service,en
What We Can Learn From AI Startups in Y Combinator's Latest Batch,2023-09-05,The Information,News Outlet,en
Trust Issues: An Analysis of NSF's Funding for Trustworthy AI,2023-09-05,Federation Of American Scientists,Other,en
Forget Nvidia: 1 Artificial Intelligence (AI) Stock to Buy Hand Over ...,2023-09-05,The Motley Fool,Blog,en
Best Artificial Intelligence (AI) Stock to Buy: Nvidia Stock vs ...,2023-09-04,The Motley Fool,Blog,en
Five principles for generative AI in financial services,2023-09-04,BusinessWorld Online,News Outlet,en
Startup Behind World's 'Most Advanced' Generative AI Raises $155M - NoCamels,2023-09-04,NoCamels - Israeli Innovation News,News Outlet,en
ChatGPT Is Making History: 2 Artificial Intelligence (AI) Growth ...,2023-09-04,The Motley Fool,Blog,en
Artificial Intelligence (AI) Text Generator Market size to grow by USD 582.34 million between 2022 to 2027 | The growing popularity of AI text generators for e-learning drives market - Technavio,2023-09-04,Yahoo Finance,News Outlet,en
"Vedic AstroGPT This AI Astrology Tool Promises Clarity On Love And Finances For Free, But There Is A Catch",2023-09-03,Jagran English,Other,en
"AI Is Reshaping Financial Wellness, but Can It Improve Retirement ...",2023-09-01,PLANADVISER,Other,en
Artificial Intelligence In Transaction Banking: Working Smarter,2023-09-01,Global Finance,Other,en
In 50 Words: Baidu’s AI chatbot Ernie draws 1 million users in 24 hours,2023-09-01,Tech in Asia,Blog,en
Floworks secures USD 1.5M in seed funding for its generative AI workplace assistant,2023-09-01,EnterpriseTalk,Press Release Service,en
The Smart Enterprise: Making Generative AI Enterprise-Ready,2023-09-01,Unite.AI,News Outlet,en
1 Unstoppable Artificial Intelligence (AI) Stock That Could Join the ...,2023-09-01,The Motley Fool,Blog,en
"AI will be at the center of the next financial crisis, SEC chair warns",2023-08-12,Axios,Other,en
‘This is real’: Buyout bosses ready themselves for the AI revolution,2023-08-11,Financial News,News Outlet,en
BCG: Generative AI tools to gain more ground in banking,2023-08-11,asianews.network,News Outlet,en
"Artificial Intelligence (AI) in Life Sciences Market to Surpass USD 6,700 Million by 2030",2023-08-11,Yahoo Finance,News Outlet,en
Better Artificial Intelligence Stock: Amazon vs. Microsoft,2023-08-10,The Motley Fool,Blog,en
Gates Foundation Funds Nearly 50 Generative AI Projects In Low ...,2023-08-10,Forbes,Magazine,en
How AI can advance open banking,2023-08-10,TechTalks,Blog,en
Fieldwork Robotics raises £1.5M in funding for AI-supported ...,2023-08-10,Tech.eu,Blog,en
Investing in Artificial Intelligence Stocks: Things You Have to Know | Mint,2023-08-10,Mint,News Outlet,en
Is ChatGPT running out of steam? AI chatbot's performance raises ...,2023-08-10,KTVZ,Broadcast Media,en
Unlocking the Power of Artificial Intelligence in Valuation: A Game-Changer for Financial Analysis,2023-08-10,BBN Times,News Outlet,en
German AI platform deepset secures $30m in funding to bolster LLM ...,2023-08-10,FinTech Global,Blog,en
Experts to lead AI Safety Summit preparations as new funding ...,2023-08-10,GOV.UK,Other,en
IBM will provide Meta Llama 2 services to enterprises on Watsonx AI platform,2023-08-09,Anue鉅亨,News Outlet,ca
IBM to host Meta's Llama 2 for enterprise AI development,2023-08-09,SiliconANGLE News,News Outlet,en
Shutterstock Brings Generative AI to 3D Scene Backgrounds with ...,2023-08-09,Animation World Network,Broadcast Media,en
12 Stocks That Will Benefit From AI,2023-08-09,Yahoo Finance,News Outlet,en
"Why Nvidia, C3.ai, Palantir, and Other AI Stocks Crumbled Today",2023-08-09,The Motley Fool,Blog,en
Chinese AI startup Baichuan rolls out third LLM in four months ...,2023-08-09,TechNode,Blog,en
What the Finance Industry Tells Us About the Future of AI,2023-08-09,HBR.org Daily,News Outlet,en
Cohere Debuts Enterprise Generative AI Chatbot Coral,2023-08-09,Voicebot.ai,News Outlet,en
"Artificial Intelligence (AI) in Drug Discovery Market Revenue To Surpass USD 11,914 Million By 2030",2023-08-08,Yahoo Finance,News Outlet,en
"1 Artificial Intelligence Stock With 136% Upside, According to Wall ...",2023-08-08,The Motley Fool,Blog,en
Shutterstock Brings Generative AI to 3D Scene Backgrounds With ...,2023-08-08,Nvidia,Blog,en
"AI regulation is taking shape, but startups are being left out",2023-08-08,The Verge,News Outlet,en
"SoundHound AI Reports Second Quarter Revenue Increase of 42%, Adjusted EBITDA Improves 50%, Strong Increase in Cash Position, Investment in Generative AI Foundation Model",2023-08-08,Yahoo Finance,News Outlet,en
AWS to support Korean startups with Generative AI Accelerator,2023-08-08,코리아타임스,Other,en
Startup Pens Generative AI Success Story With NVIDIA NeMo,2023-08-08,Nvidia,Blog,en
Cloudera expands open data lakehouse for enterprise AI...LLM...,2023-08-07,인공지능신문,News Outlet,ko
LLM technology supporting generative AI floods with investment in related startups,2023-08-07,日本経済新聞,Other,ja
"Enterprise hits and misses - the thorny question of the staff intranet, AI for video content raises questions of quality, and three dragons tackle a custom LLM",2023-08-07,diginomica,Other,en
Global Enterprise Artificial Intelligence (AI) Market,2023-08-07,Yahoo Finance,News Outlet,en
Startup funds AI-powered generative engineering platform ...,2023-08-07,eeNews Europe,News Outlet,en
5 Artificial Intelligence Stocks to Buy Now,2023-08-06,Nasdaq,Other,en
Want to Get Richer? 2 AI Stocks to Buy Before They Skyrocket,2023-08-06,The Motley Fool,Blog,en
Opinion: What does Artificial Intelligence's growth mean for humanity,2023-08-05,India Today,News Outlet,en
5 Benefits of Artificial Intelligence for Business Growth – Robotics ...,2023-08-04,Robotics and Automation News,News Outlet,en
Bank version of Chat GPT is coming out... Banks riding the AI ​​craze,2023-08-04,한국경제매거진,Magazine,ko
"FCA, Federal Reserve Share Concerns About AI in Financial Services",2023-08-03,Cooley LLC,Other,en
Lazada Launches LISA AI Chatbot to Help Sellers Answer Buyer Chats,2023-08-03,Liputan6.com,Other,id
Better Artificial Intelligence Stock: Apple vs. Microsoft,2023-08-03,The Motley Fool,Blog,en
Enhance Your Financial Institution Roadmap with Artificial Intelligence,2023-08-03,Fintech Nexus News,News Outlet,en
How AI is fuelling innovation in financial services,2023-08-02,Raconteur,Other,en
Inworld AI raises fresh funding for AI character engine at $500M ...,2023-08-02,SiliconANGLE News,News Outlet,en
"3 AI Stocks I'd Buy With $1,000 Right Now",2023-08-01,The Motley Fool,Blog,en
Beyond Bank to tap into AI - Finance - Software,2023-08-01,iTnews,News Outlet,en
Yet Another Warning From Banking Regulators About AI Bias ...,2023-08-01,Arnold & Porter,Other,en
Generative AI usage gains traction among enterprises: McKinsey,2023-08-01,CIO,Other,en
"AMD Rises on AI-Powered Growth, But Another Nasdaq Stock Is ...",2023-08-01,The Motley Fool,Blog,en
Adoption of artificial intelligence can add 1.4% points to India's GDP growth: IIM-A study,2023-07-12,Moneycontrol,Other,en
Machine learning startup Deci open-sources tool to analyze AI ...,2023-07-12,SiliconANGLE News,News Outlet,en
"Generative AI & LLM will boost the financial services industry: Shilpa Gupta, MD & Group COO, Equirus",2023-07-12,Express Computer,Press Release Service,en
Sapphire Ventures Commits $1B-Plus To AI-Powered Tech Startups,2023-07-11,Crunchbase News,News Outlet,en
IBM watsonx is now available to help meet enterprises' AI for ...,2023-07-11,IBM Newsroom,News Outlet,en
Enterprise AI: what is a smart summary worth to organizations?,2023-07-11,TechHQ,Blog,en
Google hit with lawsuit alleging it stole data from millions of users to train its AI tools,2023-07-11,CBS Sacramento,Other,en
"Researchers at Stanford have developed an Artificial Intelligence (AI) model,’ StockBot’, which uses LSTMs to predict stock prices with gains higher than the most aggressive ETFs",2023-07-11,MarkTechPost,News Outlet,en
Data scientists predict stock returns with AI and online news ...,2023-07-11,Cornell Chronicle,News Outlet,en
Startup Nolej AI Available on Google Classroom,2023-07-11,T.H.E. Journal,Academic Journal,en
Shutterstock expands deal with OpenAI to build generative AI tools,2023-07-11,TechCrunch,Blog,en
Prompt engineering startup Vellum.ai raises $5M as demand for generative AI services scales,2023-07-11,TechCrunch,Blog,en
AI use widened to assess universal credit applications and tackle fraud,2023-07-11,The Guardian,News Outlet,en
Global Large Language Model (LLM) Market Witnesses Rapid Growth as AI Language Processing Takes Center Stage 2,2023-07-10,openPR,Broadcast Media,en
"Kagan: Will AI, Chatbot stock bubble continue to boom or bust?",2023-07-10,RCR Wireless News,News Outlet,en
Chinese AI-powered robot developer CloudMinds raises $138m,2023-07-10,Nikkei Asia,Other,en
Pano AI raises $17M to expand artificial intelligence wildfire ...,2023-07-10,SiliconANGLE News,News Outlet,en
Can we drive artificial intelligence's exponential growth sustainably?,2023-07-10,Embedded,Other,en
AI inside prompts 22.59 million tokens in Japanese LLM service...,2023-07-10,AIsmiley,Other,ja
Best Artificial Intelligence Stocks To Buy Now? 2 For Your July 2023 ...,2023-07-09,Nasdaq,Other,en
2 Top Artificial Intelligence Stocks to Buy in July,2023-07-08,The Motley Fool,Blog,en
Wall Street Says Artificial Intelligence (AI) Stocks Could Send the ...,2023-07-08,The Motley Fool,Blog,en
AI startup Liner adds GPT service to Samsung Internet Browser,2023-07-07,Korea Economic Daily,News Outlet,en
Meet Pixis AI: An Emerging Startup Providing Codeless AI Solutions,2023-07-07,MarkTechPost,News Outlet,en
China tech startup launches humanoid robot at Shanghai AI event,2023-07-06,SHINE News,News Outlet,en
Rise of the robots: UN tries to tackle 'mind-blowing' growth of AI,2023-07-06,FRANCE 24 English,Other,en
"1 Artificial Intelligence (AI) Growth Stock to Buy Before It Soars 2,097 ...",2023-07-06,The Motley Fool,Blog,en
Mindbreeze Unveils AI Platform for Enterprise-Level Knowledge ...,2023-07-06,Datanami,News Outlet,da
AI and machine learning have been added to financial crime programs,2023-07-06,Security Magazine,Magazine,en
How Banks and Financial Services Can Approach ChatGPT and Generative AI,2023-07-06,PaymentsJournal,Academic Journal,en
AI Video Startup Runway Raises $141 Million,2023-07-05,Cooley LLC,Other,en
Modernizing The Enterprise With AI,2023-07-05,Spiceworks News and Insights,News Outlet,en
Investing in Digital Humans: Why Businesses Are Banking On AI to ...,2023-07-05,TechAcute,Blog,en
How Artificial Intelligence is Transforming the Finance Industry,2023-07-05,Analytics Insight,Blog,en
Venture capital funding plunges globally in first half despite AI frenzy,2023-07-05,Reuters,News Outlet,en
Kai-Fu Lee's two-month-old AI startup achieves LLM test with tens of ...,2023-07-04,TechNode,Blog,en
OpenAI Rival Inflection AI Raises $1.3B to Enhance Its Pi Chatbot,2023-07-03,EnterpriseAI,Press Release Service,en
How AI-powered enterprise workflow can transform customer ...,2023-07-03,YourStory,Press Release Service,en
Better Artificial Intelligence Stock: AMD vs. Amazon,2023-07-02,The Motley Fool,Blog,en
Salesforce launches AI Cloud to bring models to the enterprise,2023-06-12,TechCrunch,Blog,en
MAS Launches AI in Finance Challenge for the 2023 Global FinTech ...,2023-06-12,Monetary Authority of Singapore,Other,en
Risks and opportunities of AI in financial services,2023-06-12,economia,Other,en
The role of AI parameters in the enterprise,2023-06-12,TechTarget,Blog,en
AI's high growth no match for iPhone,2023-06-12,Axios,Other,en
Creating A Strong Foundation For Your Startup With AI,2023-06-11,Forbes,Magazine,en
"NTT develops generated AI for finance and medical purposes, lower cost than major US companies",2023-06-09,日本経済新聞,Other,ja
"Contactual AI, 'founded by meta', raises KRW 26 billion in seed funding",2023-06-09,The Guru (더 구루),News Outlet,ko
Artificial Intelligence Meets Finance: These 2 Fintechs Are Shaping ...,2023-06-09,The Motley Fool,Blog,en
Dutch Startup Feeds AI Chatbots with Information from Websites,2023-06-09,Business Insider Nederland,News Outlet,nl
ChatGPT Takes the AI Chatbot Market by Storm with 5 Million iOS ...,2023-06-09,Digital Information World,News Outlet,en
Actual ChatGPT usage rate is very low < News with AI < AI·Enterprise < Article...,2023-06-09,디지털투데이,Other,ko
Rise of New Open-Source AI Model Sparks Startup Acquisition Talks,2023-06-08,The Information,News Outlet,en
This Artificial Intelligence Stock Is Headed Toward $1 Trillion. This ...,2023-06-08,The Motley Fool,Blog,en
Accuracy of Artificial Intelligence in Estimating BCVA From Fundus ...,2023-06-08,JAMA Network,Broadcast Media,en
"Adobe pushes Firefly AI into big business, with financial cover",2023-06-08,Reuters,News Outlet,en
AI Could Send These 2 Nasdaq Stocks to the Moon,2023-06-08,The Motley Fool,Blog,en
AI startup Cohere raises $270 million from big tech vendors,2023-06-08,TechTarget,Blog,en
Banks' growing AI chatbot usage prompts regulator warning,2023-06-08,Insider Intelligence,News Outlet,en
Legal AI company EvenUp raises $50 million at $325 million valuation,2023-06-08,Reuters,News Outlet,en
"AI startup Cohere raises funds from Nvidia, valued at $2.2 billion",2023-06-08,Yahoo Finance,News Outlet,en
Wall Street Firm Citadel Securities Courts AI Startups for Trading Edge,2023-06-08,The Information,News Outlet,en
Banking industry pushes back on CFPB's warning over use of AI chatbots,2023-06-07,Fox Business,News Outlet,en
"Qualcomm, Mobileye, Other AI Chip Stocks That Can Compete with Nvidia",2023-06-07,Barron's,Other,en
Contextual AI launches from stealth to build enterprise-focused language models,2023-06-07,TechCrunch,Blog,en
Unleashing the Power of AI: Enabling an Augmented Enterprise | ATD,2023-06-07,ATD,Other,en
Kentucky agency credits AI tool with reducing turnover,2023-06-07,StateScoop,Other,en
CFPB warns AI chatbots in banking must comply with law | ABA ...,2023-06-06,ABA Banking Journal,Academic Journal,en
Japanese AI startup launches robot for home use,2023-06-06,The Japan Times,News Outlet,en
"‘AI gold rush’ from ChatGPT, ISU PETASYS ICS ‘Nvidia stock price rising halo’ attracts attention",2023-06-06,비즈니스포스트,Other,ko
3 Top Artificial Intelligence Stocks to Buy in June,2023-06-06,The Motley Fool,Blog,en
How Is AI Helping Financial Advisors Right Now?,2023-06-05,Wealth Management,Other,en
1 Artificial Intelligence (AI) Growth Stock Down 66% to Buy Now and ...,2023-06-05,The Motley Fool,Blog,en
Buy stocks in August... 3 advantages of Naver’s super AI,2023-06-04,이데일리,Other,ko
The AI Founder Taking Credit For Stable Diffusion's Success Has A ...,2023-06-04,Forbes,Magazine,en
"AI ripe to shake up private banking, says Israeli entrepreneur",2023-06-03,Financial Times,News Outlet,en
Wall Street Banks Are Using AI to Rewire the World of Finance,2023-06-02,Wealth Management,Other,en
Here's the Startup That Could Win Bill Gates' AI race,2023-06-02,TheStreet,Other,en
"Goodbye, Ctrl+F: AI startup aims to help financial analysts scour ...",2023-06-02,GeekWire,Press Release Service,en
"Google's generative AI for enterprises, 'Gen App...",2023-06-01,EnterpriseZine,Press Release Service,ja
Nyonic: Berlin startup wants to develop its own AI foundation models,2023-06-01,t3n – digital pioneers,News Outlet,de
Generative AI Could Sustain Arista Networks’ 31% Annual Stock Growth,2023-06-01,Forbes,Magazine,en
AI Bots Are Coming to Finance,2023-06-01,Bloomberg,News Outlet,en
China's Baidu launches AI venture capital fund worth 145...,2023-06-01,Genk,Other,vi
AI chatbot ChatGPT picked RenQ Finance and Tradecurve as future ...,2023-06-01,Crypto Reporter,Other,en
GetYourGuide Raises $194 Million for AI-Powered Travel,2023-06-01,PYMNTS.com,Other,en
Cathie Wood Is Selling Nvidia and Buying This Artificial Intelligence ...,2023-06-01,The Motley Fool,Blog,en
Generative AI raises questions about biometric security,2023-06-01,Biometric Update,Other,en
Wall Street banks seizing AI to rewire world of finance,2023-06-01,The Australian Financial Review,Academic Journal,en
Google Invests in Generative AI Startup Runway and Signs Major ...,2023-06-01,Voicebot.ai,News Outlet,en
China's tech elite lead AI startup frenzy,2023-05-12,Nikkei Asia,Other,en
The AI Startup Litmus Test,2023-05-11,NFX,Other,en
7 GPT-4 prompts to filter top stocks using AI: Hedge fund manager,2023-05-11,Business Insider,News Outlet,en
Startup’s AI Slashes Paperwork for Africa's Doctors,2023-05-11,Nvidia,Blog,en
"Intel, BCG partner to launch enterprise-grade generative AI solution",2023-05-11,TechCircle,Blog,en
Boston Consulting Taps Intel To Sell AI To Enterprise Clients,2023-05-11,Yahoo Finance,News Outlet,en
SAP and Google Cloud Expand Partnership to Build the Future of Open Data and AI for Enterprises,2023-05-11,SAP News,News Outlet,en
AI startup Anthropic unveils moral principles behind chatbot Claude,2023-05-10,Computerworld,Other,en
AI2 Incubator’s new $30M fund triples down on early-stage AI startups,2023-05-10,TechCrunch,Blog,en
How OpenAI may keep enterprises from building their own AI models,2023-05-10,Fast Company,Magazine,en
Cognizant and Google Cloud Deepen Partnership to Bring AI to Enterprise Clients,2023-05-10,EnterpriseTalk,Press Release Service,en
"Daily Crunch: OpenAI, Anthropic and Stability AI receive half of Sound Ventures’ $240M AI fund",2023-05-10,TechCrunch,Blog,en
3 Ultra-Popular Artificial Intelligence (AI) Stocks I Wouldn't Buy With ...,2023-05-09,The Motley Fool,Blog,en
"Cornell Produces Top Artificial Intelligence, Finance Talent Amid ...",2023-05-09,Cornell University The Cornell Daily Sun,News Outlet,en
Deloitte working with Google Cloud to build enterprise-grade AI ...,2023-05-09,CIO Dive,Other,en
IBM Think 2023: Watsonx Promises Enterprise AI At Scale With Trust,2023-05-09,CRN,Other,en
"AI poses existential threat and risk to health of millions, experts warn",2023-05-09,The Guardian,News Outlet,en
AI startup Anthropic wants to write a new constitution for safe AI,2023-05-09,The Verge,News Outlet,en
How people are using AI for stock market picks,2023-05-09,Marketplace,Other,en
"Brinc Introduces 'Co-Founder', an AI-Powered Chatbot for Startups",2023-05-09,PR Newswire,News Outlet,en
"ChatGPT Fever Has Investors Pouring Billions Into AI Startups, No ...",2023-05-08,The Wall Street Journal,Academic Journal,en
Is the growth of AI a threat to Māori?,2023-05-08,New Zealand Herald,News Outlet,en
The API Key rush: how generative AI is revolutionising enterprises,2023-05-08,TechNative,Blog,en
UK reviews AI models as rapid growth fuels safety concerns,2023-05-06,Fiji Times,News Outlet,en
