,cleaned_title,date,source,source_type,language,sentiment,emotion,emotion_scores,emotions
0,Google Shares How AI Will Disrupt & Enhance Healthcare By ...,2023-11-12,Trak.in,Other,en,positive,Skepticism,"[0.14315973222255707, 0.13789993524551392, 0.12658080458641052, 0.09198583662509918]","['Excitement', 'Optimism', 'Skepticism', 'Concern']"
1,AI being used to help veterans with mental health,2023-11-11,The Cairns Post,News Outlet,en,positive,Concern,"[0.5824486613273621, 0.08391999453306198, 0.01603119447827339, 0.007154085673391819]","['Concern', 'Optimism', 'Skepticism', 'Excitement']"
2,H|T: The Healthtech Times – Former unicorn Olive AI winds down ... - BetaKit,2023-11-10,BetaKit - Canadian Startup News,News Outlet,en,negative,Excitement,"[0.008171319030225277, 0.007436777930706739, 0.0032086933497339487, 0.00047697409172542393]","['Excitement', 'Concern', 'Optimism', 'Skepticism']"
3,Survey: Generative AI Shaking Up Digital Health Investors’ Funding ...,2023-11-10,insideBIGDATA,Other,en,positive,Concern,"[0.3327887952327728, 0.06130615249276161, 0.04920016974210739, 0.006017038598656654]","['Concern', 'Excitement', 'Optimism', 'Skepticism']"
4,"Diversity of Data, Staff Critical to Prevent Bias in Healthcare AI",2023-11-10,MeriTalk,Other,en,negative,Concern,"[0.9502729177474976, 0.11148941516876221, 0.008719769306480885, 0.0020293372217565775]","['Concern', 'Skepticism', 'Optimism', 'Excitement']"
5,"AI Order for Health Care May Bring Patients, Doctors Closer",2023-11-10,WebMD,Other,en,positive,Concern,"[0.4228566884994507, 0.19150762259960175, 0.1714627593755722, 0.1368544101715088]","['Concern', 'Excitement', 'Optimism', 'Skepticism']"
6,Unlocking the Potential of AI and ML in Healthcare Today,2023-11-10,Datanami,News Outlet,en,positive,Excitement,"[0.5017032623291016, 0.37083762884140015, 0.015363447368144989, 0.014013689942657948]","['Excitement', 'Optimism', 'Concern', 'Skepticism']"
7,Senate subcommittee mulls guardrails for healthcare AI,2023-11-09,Healthcare Dive,Other,en,negative,Concern,"[0.724361002445221, 0.35482314229011536, 0.05204830691218376, 0.026397306472063065]","['Concern', 'Skepticism', 'Optimism', 'Excitement']"
8,"Generative AI still mostly experimental, say executives",2023-11-09,Reuters,News Outlet,en,neutral,Concern,"[0.524585485458374, 0.4317227602005005, 0.16235017776489258, 0.11913082748651505]","['Concern', 'Skepticism', 'Excitement', 'Optimism']"
9,Doctor’s notes that write themselves? UNC Health tests AI so focus can be on patients,2023-11-09,Raleigh News & Observer,News Outlet,en,positive,Concern,"[0.4229082763195038, 0.14120204746723175, 0.06805834919214249, 0.02085740864276886]","['Concern', 'Optimism', 'Excitement', 'Skepticism']"
10,AI: Microsoft wants to create a chatbot therapist to help you feel better,2023-11-09,Phonandroid,Other,fr,positive,Concern,"[0.4324401021003723, 0.3620295822620392, 0.22122564911842346, 0.1648537963628769]","['Concern', 'Optimism', 'Skepticism', 'Excitement']"
11,Study identifies leaders in AI-driven healthcare research,2023-11-09,University World News,News Outlet,en,positive,Concern,"[0.16479982435703278, 0.13947241008281708, 0.05893130972981453, 0.018233992159366608]","['Concern', 'Optimism', 'Excitement', 'Skepticism']"
12,AI Alert: 3 Healthcare Stocks That Are Investing in Artificial Intelligence,2023-11-09,InvestorPlace,Other,en,positive,Excitement,"[0.010755966417491436, 0.00876267533749342, 0.006535516120493412, 0.00013667358143720776]","['Concern', 'Excitement', 'Optimism', 'Skepticism']"
13,"AI model can accurately diagnose and triage health conditions, without introducing racial and ethnic biases",2023-11-09,Medical Xpress,Press Release Service,en,positive,Concern,"[0.5412464737892151, 0.17821857333183289, 0.0748835951089859, 0.06995079666376114]","['Concern', 'Optimism', 'Excitement', 'Skepticism']"
14,What it Will Take To Trust Healthcare AI Models? - Digital Health,2023-11-09,HIT Consultant,Other,en,positive,Concern,"[0.7828164100646973, 0.16639597713947296, 0.023964956402778625, 0.02353788912296295]","['Concern', 'Skepticism', 'Excitement', 'Optimism']"
15,"MedCerts Combines Conversational AI, Generative AI, and Natural Language Processing For a Revolutionary New AI Addition To Online Healthcare Training",2023-11-09,Yahoo Finance,News Outlet,en,positive,Concern,"[0.3457108736038208, 0.2822408080101013, 0.16627290844917297, 0.03972876816987991]","['Concern', 'Optimism', 'Excitement', 'Skepticism']"
16,Emory University to launch Empathetic AI for Health Institute,2023-11-09,Healthcare IT News,News Outlet,en,positive,Concern,"[0.1849045604467392, 0.10932828485965729, 0.057709235697984695, 0.0002217023866251111]","['Concern', 'Excitement', 'Optimism', 'Skepticism']"
17,Energy-efficient transistor enables AI analysis of health data within ...,2023-11-09,physicsworld.com,Other,en,positive,Concern,"[0.5015121698379517, 0.06484615802764893, 0.050160955637693405, 0.01991656795144081]","['Concern', 'Optimism', 'Skepticism', 'Excitement']"
18,UH to use AI to advance health equity with $500K grant | University ...,2023-11-09,University of Hawaii,Academic Journal,en,positive,Concern,"[0.32787764072418213, 0.23502276837825775, 0.14385230839252472, 0.013195653446018696]","['Concern', 'Excitement', 'Optimism', 'Skepticism']"
19,How to Test YouTube's Experimental AI Features Right Now - MUO,2023-11-09,MUO - MakeUseOf,Other,en,positive,Excitement,"[0.15287743508815765, 0.030768029391765594, 0.02513802796602249, 0.0024793543852865696]","['Excitement', 'Concern', 'Optimism', 'Skepticism']"
20,AI Therapy Documentation Startup Eleos Health Lands $40M Series B,2023-11-08,Behavioral Health Business,News Outlet,en,positive,Excitement,"[0.33861854672431946, 0.22579970955848694, 0.08113979548215866, 0.032389186322689056]","['Optimism', 'Excitement', 'Concern', 'Skepticism']"
21,Shazam for food! HealthifyMe’s Snap AI tool makes tracking calories fun and easy,2023-11-08,Business Today,News Outlet,en,positive,Optimism,"[0.19924186170101166, 0.008882150985300541, 0.0070022959262132645, 0.0005829326109960675]","['Optimism', 'Concern', 'Excitement', 'Skepticism']"
22,"Hyro Announces Conversational AI for Healthcare on Salesforce AppExchange, the World's Leading Enterprise Cloud Marketplace",2023-11-08,Yahoo Finance,News Outlet,en,positive,Excitement,"[0.09394502639770508, 0.08076947927474976, 0.057833876460790634, 0.0044263508170843124]","['Excitement', 'Optimism', 'Concern', 'Skepticism']"
23,Datadog integrates with Google Cloud's Vertex AI to monitor health ...,2023-11-08,SiliconANGLE News,News Outlet,en,positive,Concern,"[0.4726303517818451, 0.21121321618556976, 0.03189968690276146, 0.008246075361967087]","['Concern', 'Optimism', 'Skepticism', 'Excitement']"
24,Innovative AI model uses YouTube vlogs to identify depression ... - News,2023-11-08,News-Medical.Net,News Outlet,en,negative,Concern,"[0.020869549363851547, 0.00020682904869318008, 2.9626809919136576e-05, 2.5739827833604068e-05]","['Concern', 'Skepticism', 'Optimism', 'Excitement']"
25,Health AI startup Cercle debuts with backing from Sheryl Sandberg,2023-11-08,CNBC,News Outlet,en,positive,Excitement,"[0.31842464208602905, 0.11495842039585114, 0.01162911020219326, 0.0031588615383952856]","['Excitement', 'Optimism', 'Skepticism', 'Concern']"
26,Senate holds hearing on policy considerations for AI in health care ...,2023-11-08,American Hospital Association,Other,en,positive,Concern,"[0.728833019733429, 0.14516276121139526, 0.07807618379592896, 0.06789260357618332]","['Concern', 'Skepticism', 'Optimism', 'Excitement']"
27,Digital Health and Artificial Intelligence: New Developments From ...,2023-11-08,Sidley Austin LLP,Other,en,positive,Excitement,"[0.15978850424289703, 0.053235653787851334, 0.04444286227226257, 0.016628088429570198]","['Excitement', 'Concern', 'Optimism', 'Skepticism']"
28,Enterprise Health Adds AI Capabilities to its Occupational Health ...,2023-11-08,PR Newswire,News Outlet,en,positive,Concern,"[0.5186947584152222, 0.23413963615894318, 0.11392389237880707, 0.07328471541404724]","['Concern', 'Optimism', 'Excitement', 'Skepticism']"
29,The uses and benefits of artificial intelligence in clinical trials,2023-11-08,Appinventiv,Other,en,positive,Concern,"[0.08147890120744705, 0.07248344272375107, 0.03242146596312523, 0.0036449350882321596]","['Optimism', 'Concern', 'Excitement', 'Skepticism']"
30,‘‘Artificial Intelligence in Healthcare: Revolutionizing Patient Care ...,2023-11-08,Medium,Blog,en,positive,Excitement,"[0.06159130483865738, 0.00788110587745905, 0.006707863882184029, 0.0014827451668679714]","['Excitement', 'Optimism', 'Concern', 'Skepticism']"
31,Liquid biopsies and AI give insight into eye health and aging,2023-11-07,National Institutes of Health (.gov),Academic Journal,en,positive,Concern,"[0.4855397343635559, 0.14830011129379272, 0.12946763634681702, 0.0764661505818367]","['Concern', 'Skepticism', 'Optimism', 'Excitement']"
32,AI's Healthcare Revolution Draws Closer with Multi-Cloud,2023-11-07,VMware News,News Outlet,en,positive,Excitement,"[0.7105180621147156, 0.3155078589916229, 0.08971725404262543, 0.01035142783075571]","['Excitement', 'Optimism', 'Concern', 'Skepticism']"
33,New Emory institute harnesses the power of AI to improve health ...,2023-11-07,Emory News Center,News Outlet,en,positive,Concern,"[0.16211596131324768, 0.12848247587680817, 0.02476324327290058, 0.017823219299316406]","['Concern', 'Optimism', 'Excitement', 'Skepticism']"
34,Hunch: Health AI will live in the shadows,2023-11-07,POLITICO,Other,en,negative,Concern,"[0.5308122038841248, 0.49521559476852417, 0.001536606578156352, 0.000815189559943974]","['Concern', 'Skepticism', 'Excitement', 'Optimism']"
35,Internal audit can be fundamental for AI success,2023-11-07,Grant Thornton,Other,en,positive,Concern,"[0.35732677578926086, 0.048721764236688614, 0.010239372961223125, 0.005811704322695732]","['Concern', 'Optimism', 'Excitement', 'Skepticism']"
36,Mental health app 'Together by Renee' using artificial intelligence to assist doctors,2023-11-07,FOX 35 Orlando,Other,en,positive,Optimism,"[0.4094753861427307, 0.08158566802740097, 0.027449743822216988, 0.0006343648419715464]","['Optimism', 'Excitement', 'Concern', 'Skepticism']"
37,AI Applications in Healthcare: From Drug Discovery to Patient Care,2023-11-07,Global X,Other,en,positive,Concern,"[0.08129339665174484, 0.048007458448410034, 0.034174688160419464, 0.007663802243769169]","['Optimism', 'Excitement', 'Concern', 'Skepticism']"
38,NCH Health: Artificial Intelligence in medicine,2023-11-07,Marco News,News Outlet,en,positive,Concern,"[0.002949560759589076, 0.0029460492078214884, 0.001898234710097313, 0.0002486448793206364]","['Concern', 'Excitement', 'Optimism', 'Skepticism']"
39,AI chatbots revolutionising healthcare: Pros and cons,2023-11-07,YourStory,Press Release Service,en,neutral,Concern,"[0.47442367672920227, 0.18776696920394897, 0.1378120332956314, 0.13129501044750214]","['Concern', 'Optimism', 'Excitement', 'Skepticism']"
40,Virtua Health adopts AI chatbots for mental health,2023-11-07,Modern Healthcare,Other,en,positive,Concern,"[0.5067944526672363, 0.283245325088501, 0.06023048609495163, 0.05908789858222008]","['Optimism', 'Concern', 'Skepticism', 'Excitement']"
41,SKT invests 9.4 billion won in LLM app market and AI healthcare startup,2023-11-06,머니투데이,News Outlet,ko,positive,Optimism,"[0.3637445569038391, 0.21395474672317505, 0.03337613493204117, 0.03133058547973633]","['Excitement', 'Optimism', 'Skepticism', 'Concern']"
42,Health business opportunities are exploding! Scientific nutritious meals and AI-designed diet records have become hot topics,2023-11-06,ETtoday新聞雲,Other,ko,positive,Excitement,"[0.8730606436729431, 0.39653831720352173, 0.24337831139564514, 0.01649453677237034]","['Excitement', 'Optimism', 'Concern', 'Skepticism']"
43,A framework for integrating artificial intelligence for clinical care with ...,2023-11-06,Nature.com,Other,en,positive,Concern,"[0.26632195711135864, 0.197539821267128, 0.10001423209905624, 0.018008677288889885]","['Concern', 'Optimism', 'Excitement', 'Skepticism']"
44,Ethical Considerations in AI-Driven Healthcare - News,2023-11-06,News-Medical.Net,News Outlet,en,positive,Concern,"[0.9711341857910156, 0.004306385293602943, 0.0012866919860243797, 0.0009219305356964469]","['Concern', 'Skepticism', 'Optimism', 'Excitement']"
45,AI Links Sleep and Gut Health to Autism Behaviors,2023-11-06,Neuroscience News,News Outlet,en,negative,Concern,"[0.7158833742141724, 0.005146672949194908, 0.00018789972818922251, 8.940189582062885e-05]","['Concern', 'Skepticism', 'Excitement', 'Optimism']"
46,Exploring the use of AI in healthcare,2023-11-06,Lockton,Other,en,positive,Excitement,"[0.10939891636371613, 0.05510716140270233, 0.05059793218970299, 0.0007961023948155344]","['Excitement', 'Concern', 'Optimism', 'Skepticism']"
47,The Rise of Artificial Intelligence in Healthcare,2023-11-05,Express Healthcare Management,Press Release Service,en,positive,Concern,"[0.026452671736478806, 0.006289770361036062, 0.00464699836447835, 0.0007378967711701989]","['Concern', 'Optimism', 'Excitement', 'Skepticism']"
48,AI-Powered Patient Advocacy: Amplifying Health Care Voices,2023-11-05,Neurology Live,Other,en,positive,Concern,"[0.21965466439723969, 0.1720523238182068, 0.09661408513784409, 0.00856190174818039]","['Concern', 'Optimism', 'Excitement', 'Skepticism']"
49,Apple CEO Tim Cook calls artificial intelligence a fundamental technology and is investing in generative AI,2023-11-04,科技讯,Other,zh,positive,Concern,"[0.356183260679245, 0.3491441309452057, 0.34709638357162476, 0.05242353305220604]","['Excitement', 'Optimism', 'Concern', 'Skepticism']"
50,"Opinion | For Health AI to Fulfill Its Potential, Regulation Is Paramount",2023-11-04,Medpage Today,News Outlet,en,negative,Concern,"[0.9258103966712952, 0.20851090550422668, 0.003256791038438678, 0.0006323340348899364]","['Concern', 'Skepticism', 'Excitement', 'Optimism']"
51,Ex Paige.AI CEO launches Jona while Covera Health nabs $25M,2023-11-03,Modern Healthcare,Other,en,negative,Excitement,"[0.3453821837902069, 0.010240932926535606, 0.00196625548414886, 0.0009927263017743826]","['Excitement', 'Optimism', 'Skepticism', 'Concern']"
52,ChatGPT And Depression: Exploring AI's Role In Mental Health Care,2023-11-03,Forbes,Magazine,en,negative,Concern,"[0.049176521599292755, 0.0006107608787715435, 4.983051258022897e-05, 4.278458800399676e-05]","['Concern', 'Skepticism', 'Excitement', 'Optimism']"
53,"AI Tool Flags Anxiety, Depression in Healthcare Workers",2023-11-03,Medscape,Other,en,negative,Concern,"[0.4631010890007019, 0.000566472124774009, 5.853208858752623e-05, 5.810414950246923e-05]","['Concern', 'Skepticism', 'Excitement', 'Optimism']"
54,Incorporating AI in healthcare: A trust-building approach,2023-11-03,Health Data Management,Other,en,positive,Concern,"[0.14204607903957367, 0.07288817316293716, 0.00947323814034462, 0.008933518081903458]","['Concern', 'Optimism', 'Excitement', 'Skepticism']"
55,Claritas HealthTech establishes spinoff for AI-assisted GI solutions,2023-11-03,Becker's ASC Review,Academic Journal,en,positive,Optimism,"[0.1470070481300354, 0.09022511541843414, 0.07059979438781738, 0.002068951493129134]","['Optimism', 'Excitement', 'Concern', 'Skepticism']"
56,Fayetteville panel talks about the future of health care and artificial intelligence,2023-11-03,4029tv,Broadcast Media,en,positive,Concern,"[0.5751457810401917, 0.31264999508857727, 0.26277753710746765, 0.21621866524219513]","['Concern', 'Skepticism', 'Optimism', 'Excitement']"
57,Dr. Google meets Dr. ChatGPT: when AI impacts health,2023-11-02,El Tiempo Latino,Other,es,positive,Concern,"[0.2575967609882355, 0.019144650548696518, 0.009746246971189976, 0.009047972969710827]","['Concern', 'Optimism', 'Excitement', 'Skepticism']"
58,Regulatory considerations on artificial intelligence for health of the ...,2023-11-02,JD Supra,Press Release Service,en,positive,Concern,"[0.9355619549751282, 0.06562530994415283, 0.046813879162073135, 0.006428716238588095]","['Concern', 'Optimism', 'Skepticism', 'Excitement']"
59,GE HealthCare Announces New Data Validating Artificial Intelligence Models for Predicting Patient Response to Immunotherapies,2023-11-02,Yahoo Finance,News Outlet,en,positive,Concern,"[0.2562738060951233, 0.18047429621219635, 0.16937680542469025, 0.056942977011203766]","['Optimism', 'Concern', 'Excitement', 'Skepticism']"
60,How an AI-powered clinical notes API could boost telehealth,2023-11-01,Healthcare IT News,News Outlet,en,positive,Concern,"[0.502808153629303, 0.29218050837516785, 0.19203445315361023, 0.08783618360757828]","['Concern', 'Optimism', 'Excitement', 'Skepticism']"
61,"Jona, a Personalized Health Company Using AI to Analyze the Gut Microbiome, Launches with $5M in Funding",2023-11-01,Yahoo Finance,News Outlet,en,positive,Excitement,"[0.28091737627983093, 0.10314828902482986, 0.0017654409166425467, 0.0009541927720420063]","['Excitement', 'Optimism', 'Concern', 'Skepticism']"
62,Embracing artificial intelligence in healthcare,2023-11-01,Nursing Times,News Outlet,en,positive,Optimism,"[0.14261773228645325, 0.06229916960000992, 0.03299426659941673, 0.00023807941761333495]","['Optimism', 'Excitement', 'Concern', 'Skepticism']"
63,Here's Why AI Can't Solve Your Mental Health Issues,2023-11-01,Built In,Other,en,negative,Concern,"[0.6536809802055359, 0.30595657229423523, 0.0009503039764240384, 0.000325232365867123]","['Concern', 'Skepticism', 'Optimism', 'Excitement']"
64,How is AI reshaping health research | News | Wellcome,2023-11-01,Wellcome Trust,Other,en,positive,Concern,"[0.05988713726401329, 0.05757482349872589, 0.04137997701764107, 0.0113400062546134]","['Optimism', 'Concern', 'Excitement', 'Skepticism']"
65,Mini Medical School explores the evolving role of AI in health care,2023-11-01,Virginia Tech,Blog,en,positive,Optimism,"[0.012027287855744362, 0.004024290945380926, 0.0024607409723103046, 0.0006493799737654626]","['Optimism', 'Excitement', 'Concern', 'Skepticism']"
66,Earkick Unveils Evidence Supporting AI's Real-Time Impact on Mental Health Improvement,2023-11-01,Yahoo Finance,News Outlet,en,positive,Excitement,"[0.13208936154842377, 0.13121165335178375, 0.006082150619477034, 0.00045531539944931865]","['Excitement', 'Optimism', 'Concern', 'Skepticism']"
67,"Spain calls to protect ""fundamental rights"" in the face of the emergence of AI",2023-11-01,Infobae,Other,es,negative,Concern,"[0.9760530591011047, 0.151184543967247, 0.0817485824227333, 0.02330981194972992]","['Concern', 'Skepticism', 'Excitement', 'Optimism']"
68,M42 Announces New Clinical LLM to Transform the Future of AI in ...,2023-10-12,Business Wire,News Outlet,en,positive,Concern,"[0.372246116399765, 0.19727899134159088, 0.16502176225185394, 0.08197493851184845]","['Concern', 'Optimism', 'Excitement', 'Skepticism']"
69,RFPs for Promoting the equitable use of AI to improve Global Health (Senegal),2023-10-12,fundsforNGOs,Other,en,positive,Concern,"[0.16082541644573212, 0.11202741414308548, 0.031089238822460175, 0.002128690481185913]","['Concern', 'Excitement', 'Optimism', 'Skepticism']"
70,Leveraging machine learning to rapidly create clinical AI algorithms,2023-10-12,HealthExec,Other,en,positive,Concern,"[0.5635135769844055, 0.40715378522872925, 0.34298020601272583, 0.24013616144657135]","['Concern', 'Optimism', 'Excitement', 'Skepticism']"
71,GE HealthCare Signs $44 Million Contract with BARDA to Develop Artificial Intelligence-Augmented Ultrasound Technology to Aid Clinicians in Diagnosing and Treating Traumatic Injury and Enhance National Preparedness for Mass Casualty Incidents,2023-10-12,Yahoo Finance,News Outlet,en,positive,Concern,"[0.6148946285247803, 0.04002845659852028, 0.02809123508632183, 0.005965517833828926]","['Concern', 'Optimism', 'Excitement', 'Skepticism']"
72,M42 Announces New Clinical LLM to Transform the Future of AI in Healthcare,2023-10-12,Yahoo Finance,News Outlet,en,positive,Concern,"[0.23958903551101685, 0.1323554813861847, 0.1289585679769516, 0.029152842238545418]","['Concern', 'Optimism', 'Excitement', 'Skepticism']"
73,Simplified Clinical rolls out AI text analytics addition to its platform,2023-10-12,FierceBiotech,Blog,en,positive,Skepticism,"[0.33418163657188416, 0.20686420798301697, 0.12136924266815186, 0.02799910679459572]","['Optimism', 'Skepticism', 'Excitement', 'Concern']"
74,"AI, M&A and MSK: Teladoc's head of group health shares vendor's ...",2023-10-12,Healthcare Dive,Other,en,positive,Concern,"[0.23745669424533844, 0.05897066742181778, 0.018117224797606468, 0.0004776502901222557]","['Concern', 'Excitement', 'Optimism', 'Skepticism']"
75,NextGen Healthcare reveals AI notetaking product,2023-10-12,Healthcare Dive,Other,en,positive,Concern,"[0.31584176421165466, 0.19612982869148254, 0.1735670566558838, 0.025988789275288582]","['Optimism', 'Concern', 'Excitement', 'Skepticism']"
76,Scientists think AI can speed up their discoveries : Shots - Health ...,2023-10-12,NPR,Broadcast Media,en,positive,Concern,"[0.06704054027795792, 0.007278815843164921, 0.007034436333924532, 0.004645405802875757]","['Concern', 'Skepticism', 'Optimism', 'Excitement']"
77,Editorial: Why AI Will Increase Healthcare Data Breaches,2023-10-12,HIPAA Journal,Academic Journal,en,negative,Concern,"[0.9763219356536865, 0.39463338255882263, 0.0006478995783254504, 0.0002679423487279564]","['Concern', 'Skepticism', 'Excitement', 'Optimism']"
78,Unveiling the Boundless Potential of AI in Healthcare: A Revolution ...,2023-10-12,Medium,Blog,en,positive,Excitement,"[0.8959701061248779, 0.17372889816761017, 0.0007795357960276306, 0.0007135727209970355]","['Excitement', 'Optimism', 'Concern', 'Skepticism']"
79,Health NGO plans AI training hub in South Africa,2023-10-12,Research Professional News,News Outlet,en,positive,Concern,"[0.2722606062889099, 0.06823023408651352, 0.04825162515044212, 0.006578096188604832]","['Concern', 'Optimism', 'Excitement', 'Skepticism']"
80,AI friend Replika has been downloaded over 10 million times! Can AI promote mental health? - Future City@World...,2023-10-11,天下雜誌,Other,ko,positive,Concern,"[0.8492943644523621, 0.06966151297092438, 0.06225002929568291, 0.009454561397433281]","['Concern', 'Optimism', 'Excitement', 'Skepticism']"
81,"Highmark Health dips a toe in artificial intelligence pool, with more to ... - Pittsburgh Post",2023-10-11,Pittsburgh Post-Gazette,News Outlet,en,negative,Concern,"[0.2593795955181122, 0.20611493289470673, 0.1500098556280136, 0.0629284530878067]","['Concern', 'Optimism', 'Excitement', 'Skepticism']"
82,Google Cloud’s Vertex AI Search: A Game-Changer for Healthcare & Life Sciences,2023-10-11,Forbes,Magazine,en,positive,Excitement,"[0.2855539917945862, 0.23211981356143951, 0.02644190564751625, 0.0028372355736792088]","['Excitement', 'Optimism', 'Concern', 'Skepticism']"
83,AI can improve public health | Letters,2023-10-11,Jamaica Gleaner,Other,en,positive,Concern,"[0.388487845659256, 0.04737095907330513, 0.017086073756217957, 0.007256567012518644]","['Concern', 'Optimism', 'Skepticism', 'Excitement']"
84,FDA to form advisory committee for digital health and AI,2023-10-11,FierceBiotech,Blog,en,positive,Concern,"[0.5992015600204468, 0.23104552924633026, 0.19183814525604248, 0.17109711468219757]","['Concern', 'Excitement', 'Optimism', 'Skepticism']"
85,"Dr. Michael Pencina, Chief Data Scientist for Duke Health, Joins Azra Care as Lead Artificial Intelligence and Algorithms Advisor",2023-10-11,Yahoo Finance,News Outlet,en,positive,Concern,"[0.6216761469841003, 0.31032639741897583, 0.25166359543800354, 0.0926889032125473]","['Concern', 'Optimism', 'Excitement', 'Skepticism']"
86,Can artificial intelligence transform public health nutrition? - News,2023-10-11,News-Medical.Net,News Outlet,en,positive,Concern,"[0.16173428297042847, 0.02034953609108925, 0.011527644470334053, 0.0070791165344417095]","['Concern', 'Skepticism', 'Optimism', 'Excitement']"
87,"[Health Secretary AI] The more you ask, the more useful it becomes... AI health questions are ‘like this’",2023-10-11,코메디닷컴,Other,ko,positive,Concern,"[0.39370501041412354, 0.07620483636856079, 0.05069654807448387, 0.04904042184352875]","['Concern', 'Excitement', 'Optimism', 'Skepticism']"
88,The role of predictive AI in shaping healthcare outcomes,2023-10-11,Tech Explorist,Blog,en,positive,Concern,"[0.21861277520656586, 0.17858226597309113, 0.023424264043569565, 0.001986471004784107]","['Optimism', 'Concern', 'Excitement', 'Skepticism']"
89,"As AI use increases in radiology, clinical benefits come into focus",2023-10-11,AuntMinnie,Other,en,positive,Concern,"[0.17103461921215057, 0.12251744419336319, 0.0914062112569809, 0.03257005289196968]","['Optimism', 'Concern', 'Excitement', 'Skepticism']"
90,HITRUST launches new AI assurance initiative for healthcare,2023-10-11,Healthcare IT News,News Outlet,en,positive,Concern,"[0.14647947251796722, 0.12133229523897171, 0.03875620290637016, 0.0034007548820227385]","['Optimism', 'Concern', 'Excitement', 'Skepticism']"
91,2023 Norfleet Forum to Focus on Artificial Intelligence in Health ...,2023-10-10,UTHSC News,News Outlet,en,positive,Concern,"[0.2978593111038208, 0.06420395523309708, 0.06402436643838882, 0.034735944122076035]","['Concern', 'Skepticism', 'Optimism', 'Excitement']"
92,"Mayo Clinic sees AI as 'transformative force' in health care, appoints Dr. Bhavik Patel as chief AI officer",2023-10-10,Fox News,News Outlet,en,positive,Optimism,"[0.31224891543388367, 0.2440648227930069, 0.18993690609931946, 0.0021966195199638605]","['Optimism', 'Excitement', 'Concern', 'Skepticism']"
93,Artificial Intelligence In Healthcare Market size worth USD 201.3 ...,2023-10-10,PR Newswire,News Outlet,en,positive,Concern,"[0.03866134211421013, 0.016695166006684303, 0.013969351537525654, 0.0007546957931481302]","['Concern', 'Optimism', 'Excitement', 'Skepticism']"
94,AI in therapy: Future of mental health? Can AI chatbots replace human therapists?,2023-10-10,WION,Broadcast Media,en,positive,Concern,"[0.7124481201171875, 0.17060406506061554, 0.15400734543800354, 0.1243932694196701]","['Concern', 'Skepticism', 'Optimism', 'Excitement']"
95,AI Chatbots—With Careful Guardrails—Can Help Treat Depression And Anxiety,2023-10-10,Forbes,Magazine,en,positive,Concern,"[0.2007923126220703, 0.07554639875888824, 0.0004637894162442535, 0.00010645338625181466]","['Concern', 'Skepticism', 'Optimism', 'Excitement']"
96,AI can bring you closer to caring for your mental health,2023-10-10,Expansión,Other,es,positive,Concern,"[0.7613816857337952, 0.37109071016311646, 0.22077074646949768, 0.15319305658340454]","['Concern', 'Optimism', 'Skepticism', 'Excitement']"
97,How GE Healthcare Is Shaping Limitless AI-Driven Healthcare ...,2023-10-10,Forbes,Magazine,en,positive,Optimism,"[0.1889459490776062, 0.12145768105983734, 0.030213527381420135, 0.014334134757518768]","['Excitement', 'Optimism', 'Concern', 'Skepticism']"
98,Google Cloud is making AI an even bigger part of its Vertex health ...,2023-10-10,TechRadar,Blog,en,positive,Concern,"[0.29062026739120483, 0.17061643302440643, 0.033129338175058365, 0.005392346531152725]","['Concern', 'Excitement', 'Optimism', 'Skepticism']"
99,Microsoft introduces new data and AI solutions to help healthcare ...,2023-10-10,Microsoft,Blog,en,positive,Concern,"[0.270700067281723, 0.21819789707660675, 0.19310949742794037, 0.042539939284324646]","['Concern', 'Optimism', 'Excitement', 'Skepticism']"
100,Google at the bedside of health and biology with Vertex AI Search,2023-10-10,Le Monde Informatique,Other,fr,positive,Concern,"[0.3160572946071625, 0.09504599869251251, 0.021212328225374222, 0.000503475486766547]","['Concern', 'Optimism', 'Excitement', 'Skepticism']"
101,AI in mental health: The next big revolution?,2023-10-10,YourStory,Press Release Service,en,positive,Concern,"[0.20630627870559692, 0.15333440899848938, 0.09368282556533813, 0.057613179087638855]","['Concern', 'Excitement', 'Optimism', 'Skepticism']"
102,Microsoft unveils new generative AI products for health systems,2023-10-10,Healthcare Dive,Other,en,positive,Excitement,"[0.4098963141441345, 0.33318018913269043, 0.24872075021266937, 0.1432567983865738]","['Optimism', 'Excitement', 'Concern', 'Skepticism']"
103,"Environmental Groups Need to Dig Deeper Into AI Energy Use, Researcher Says",2023-10-10,Decrypt,Other,en,negative,Concern,"[0.9657855033874512, 0.35664165019989014, 0.0012766129802912474, 0.0007509959395974874]","['Concern', 'Skepticism', 'Excitement', 'Optimism']"
104,Want more face time with your doctor? Atrium Health has a solution — AI,2023-10-10,Charlotte Observer,Other,en,positive,Concern,"[0.230055034160614, 0.13307185471057892, 0.06237822398543358, 0.05852506682276726]","['Concern', 'Optimism', 'Skepticism', 'Excitement']"
105,Opinion: AI can help with mental health care — if we use it right,2023-10-09,The Connecticut Mirror,News Outlet,en,positive,Concern,"[0.4506914019584656, 0.05353476479649544, 0.00909632071852684, 0.007865008898079395]","['Concern', 'Optimism', 'Skepticism', 'Excitement']"
106,Orlando Health expands virtual nursing with artificial intelligence,2023-10-09,WFTV Orlando,Broadcast Media,en,positive,Concern,"[0.37519747018814087, 0.2355792224407196, 0.12407202273607254, 0.026679029688239098]","['Concern', 'Optimism', 'Excitement', 'Skepticism']"
107,"VMware eyes early adoption of Private AI in healthcare, public sector, and BFSI",2023-10-09,BusinessLine,News Outlet,en,positive,Optimism,"[0.45432284474372864, 0.3496584892272949, 0.3200109004974365, 0.03972961753606796]","['Optimism', 'Excitement', 'Concern', 'Skepticism']"
108,"Reimbursement, AI top list of priorities for new digital health lobbying ...",2023-10-09,Regulatory Focus,Other,en,positive,Concern,"[0.4621817469596863, 0.07377424836158752, 0.018626466393470764, 0.00879723485559225]","['Concern', 'Optimism', 'Excitement', 'Skepticism']"
109,"NODE.health, and Leading Health Systems launch VALID AI",2023-10-09,UC Davis Health,Academic Journal,en,positive,Optimism,"[0.0750749483704567, 0.06349611282348633, 0.054313670843839645, 0.003304661251604557]","['Optimism', 'Excitement', 'Concern', 'Skepticism']"
110,What Is the Impact of Predictive AI in the Health Care Setting?,2023-10-09,Mount Sinai,Other,en,positive,Concern,"[0.8751304149627686, 0.061999961733818054, 0.05189700797200203, 0.02180793322622776]","['Concern', 'Skepticism', 'Optimism', 'Excitement']"
111,MIT students are making AI more environmentally friendly,2023-10-09,Interesting Engineering,Other,en,positive,Concern,"[0.5732372403144836, 0.03849957510828972, 0.012740779668092728, 0.004758504219353199]","['Concern', 'Optimism', 'Skepticism', 'Excitement']"
112,How these Penn researchers are using AI to make health care better ...,2023-10-09,Penn Today,Academic Journal,en,positive,Concern,"[0.4946133494377136, 0.42200690507888794, 0.1793457269668579, 0.02116205543279648]","['Concern', 'Excitement', 'Optimism', 'Skepticism']"
113,6 AI Wellbeing Tools For Work You Should Try This Mental Health Day,2023-10-08,Forbes,Magazine,en,positive,Concern,"[0.1631423532962799, 0.14189264178276062, 0.023889848962426186, 0.018353505060076714]","['Optimism', 'Concern', 'Excitement', 'Skepticism']"
114,"The food industry is using AI to create healthier, tastier snacks and meals. It could super-charge nutrition in America",2023-10-08,Fortune,News Outlet,en,positive,Excitement,"[0.26650282740592957, 0.21510159969329834, 0.20171764492988586, 0.04758576303720474]","['Excitement', 'Concern', 'Optimism', 'Skepticism']"
115,ChatGPT as a therapist: Should you trust AI chatbots for your mental health issues? | Mint,2023-10-08,Mint,News Outlet,en,positive,Concern,"[0.6763289570808411, 0.140292689204216, 0.09699144959449768, 0.016988394781947136]","['Concern', 'Skepticism', 'Optimism', 'Excitement']"
116,"Mindsurf, the application that connects artificial intelligence to mental health",2023-10-08,Yahoo,Other,es,positive,Optimism,"[0.24458351731300354, 0.006162444595247507, 0.0008927377057261765, 0.00040970995905809104]","['Optimism', 'Excitement', 'Concern', 'Skepticism']"
117,AI chatbots offering health tips: The risks and challenges,2023-10-07,The Indian Express,Press Release Service,en,negative,Concern,"[0.3348107635974884, 0.12645314633846283, 0.0661771148443222, 0.003795457538217306]","['Concern', 'Optimism', 'Skepticism', 'Excitement']"
118,"Why AI in Healthcare is Promising, But 'Not Magic'",2023-10-07,BankInfoSecurity.com,Other,en,positive,Skepticism,"[0.5113337635993958, 0.44541439414024353, 0.0987144410610199, 0.030643964186310768]","['Excitement', 'Skepticism', 'Optimism', 'Concern']"
119,Congress and agencies to tackle transparency in healthcare AI ...,2023-10-06,McKnight's Senior Living,Other,en,positive,Concern,"[0.6308990716934204, 0.10101940482854843, 0.06831075996160507, 0.04552360251545906]","['Concern', 'Excitement', 'Optimism', 'Skepticism']"
120,J.P. Morgan Promises Its Fundamental Portfolio Managers an AI 'Co ...,2023-10-06,Institutional Investor,Academic Journal,en,positive,Skepticism,"[0.3346989154815674, 0.2756672203540802, 0.21141617000102997, 0.16776245832443237]","['Optimism', 'Concern', 'Skepticism', 'Excitement']"
121,Deep space missions will test astronauts' mental health. Could AI ...,2023-10-06,Space.com,Other,en,negative,Concern,"[0.8439737558364868, 0.43803250789642334, 0.036677103489637375, 0.02770468406379223]","['Concern', 'Skepticism', 'Excitement', 'Optimism']"
122,Health AI: Geneva Initiative Launches Global Agency To Support ...,2023-10-06,Health Policy Watch,News Outlet,en,positive,Concern,"[0.07922085374593735, 0.024264058098196983, 0.015034221112728119, 0.001476074568927288]","['Concern', 'Optimism', 'Excitement', 'Skepticism']"
123,Healthcare generative AI predicted to reach $22B by 2032,2023-10-06,Healthcare IT News,News Outlet,en,positive,Concern,"[0.2504805624485016, 0.21870703995227814, 0.1148504689335823, 0.005990862846374512]","['Optimism', 'Concern', 'Excitement', 'Skepticism']"
124,"Google's chief health officer: AI won't replace physicians, but ...",2023-10-06,Becker's Hospital Review,Academic Journal,en,positive,Skepticism,"[0.8569146990776062, 0.792838990688324, 0.22815977036952972, 0.18125174939632416]","['Concern', 'Skepticism', 'Optimism', 'Excitement']"
125,Harnessing the power of AI in clinical trials,2023-10-06,PMLiVE,Other,en,positive,Concern,"[0.32929232716560364, 0.19977961480617523, 0.12685827910900116, 0.007409569341689348]","['Concern', 'Optimism', 'Excitement', 'Skepticism']"
126,AI can transform health care benefits administration,2023-10-06,BenefitsPro,Press Release Service,en,positive,Concern,"[0.3327517509460449, 0.2673942744731903, 0.1160028725862503, 0.045670829713344574]","['Concern', 'Optimism', 'Excitement', 'Skepticism']"
127,From Eliza to Mental-Llama: AI and mental health,2023-10-06,t3n – digital pioneers,News Outlet,de,positive,Concern,"[0.4923647940158844, 0.0026510145980864763, 0.002096843905746937, 0.0020076041109859943]","['Concern', 'Skepticism', 'Excitement', 'Optimism']"
128,3 ways AI is revolutionizing how health organizations serve patients. Can LLMs like ChatGPT help?,2023-10-05,ZDNet,News Outlet,en,positive,Concern,"[0.2552207410335541, 0.13888759911060333, 0.06178002804517746, 0.023871278390288353]","['Concern', 'Optimism', 'Excitement', 'Skepticism']"
129,"AI in Action: Recommendations for AI Policy in Health, Education ...",2023-10-05,Federation Of American Scientists,Other,en,positive,Optimism,"[0.06343881785869598, 0.042302701622247696, 0.007599605713039637, 0.00022498186444863677]","['Optimism', 'Excitement', 'Concern', 'Skepticism']"
130,Atropos unveils generative AI to accelerate clinical insights,2023-10-05,FierceHealthcare,Other,en,positive,Optimism,"[0.3801715672016144, 0.299577921628952, 0.2342298924922943, 0.04121142998337746]","['Optimism', 'Concern', 'Excitement', 'Skepticism']"
131,Atropos Health Launches New Geneva OS and ChatRWD User Application for Rapid Real World Evidence With Generative AI,2023-10-05,Yahoo Finance,News Outlet,en,positive,Concern,"[0.5133927464485168, 0.32005932927131653, 0.22079187631607056, 0.09353775531053543]","['Concern', 'Optimism', 'Excitement', 'Skepticism']"
132,New Generative AI-Native Health Company RhythmX AI Announces ...,2023-10-05,PR Newswire,News Outlet,en,positive,Concern,"[0.24243895709514618, 0.1873692125082016, 0.10663065314292908, 0.0224809218198061]","['Optimism', 'Excitement', 'Concern', 'Skepticism']"
133,Healthtech company H1 adds new AI tech to clinical trial arm,2023-10-05,FierceBiotech,Blog,en,positive,Excitement,"[0.36318421363830566, 0.2672758400440216, 0.0861550122499466, 0.06534682214260101]","['Optimism', 'Excitement', 'Skepticism', 'Concern']"
134,"It's time to unlock the potentials of AI in Public Health: Nakul Jain, Wadhwani AI",2023-10-05,ETHealthWorld,Other,en,positive,Concern,"[0.38075339794158936, 0.1921943575143814, 0.05201183632016182, 0.002300010761246085]","['Concern', 'Excitement', 'Optimism', 'Skepticism']"
135,AI is creating a complex landscape for healthcare executives,2023-10-05,Healthcare Finance News,News Outlet,en,positive,Concern,"[0.7806512117385864, 0.13933782279491425, 0.09768765419721603, 0.09110725671052933]","['Concern', 'Skepticism', 'Excitement', 'Optimism']"
136,[Webinar] Fundamentals of Artificial Intelligence for Lawyers and ...,2023-10-05,JD Supra,Press Release Service,en,positive,Concern,"[0.06824176013469696, 0.06113864481449127, 0.022378917783498764, 0.002305573085322976]","['Optimism', 'Concern', 'Excitement', 'Skepticism']"
137,Podcast - Artificial Intelligence in Healthcare and How to Comply ...,2023-10-05,Holland & Knight,Other,en,neutral,Concern,"[0.1514987349510193, 0.008233643136918545, 0.005835805553942919, 0.0021575361024588346]","['Concern', 'Optimism', 'Excitement', 'Skepticism']"
138,Zoom offers more AI features for healthcare organizations,2023-10-04,Healthcare IT News,News Outlet,en,positive,Optimism,"[0.3676034212112427, 0.1887914389371872, 0.14523723721504211, 0.05230660364031792]","['Optimism', 'Excitement', 'Concern', 'Skepticism']"
139,Fitbit Will Use AI to Connect the Dots Between Your Health Metrics,2023-10-04,CNET,News Outlet,en,positive,Skepticism,"[0.3893032670021057, 0.16030415892601013, 0.15131273865699768, 0.14217011630535126]","['Optimism', 'Excitement', 'Concern', 'Skepticism']"
140,"In pilot, generative AI expected to reduce clinical documentation ...",2023-10-04,Healthcare IT News,News Outlet,en,positive,Concern,"[0.5780664682388306, 0.13017761707305908, 0.03105400875210762, 0.016605298966169357]","['Concern', 'Optimism', 'Skepticism', 'Excitement']"
141,Artisight Powers Care Transformation at WellSpan Health with AI-Driven Smart Hospital Platform,2023-10-04,Yahoo Finance,News Outlet,en,positive,Optimism,"[0.02729966677725315, 0.024218667298555374, 0.022511174902319908, 6.272438622545451e-05]","['Optimism', 'Concern', 'Excitement', 'Skepticism']"
142,AI in Healthcare: ChatGPT Helps Boy Get Diagnosis After Doctors Fail,2023-10-04,HackRead,Other,en,positive,Concern,"[0.05060781165957451, 0.044813308864831924, 0.02382870763540268, 0.007797951810061932]","['Concern', 'Optimism', 'Excitement', 'Skepticism']"
143,Can AI Chatbots Ever Replace Human Therapists?,2023-10-04,TIME,Magazine,en,neutral,Concern,"[0.9405694007873535, 0.45309531688690186, 0.19688911736011505, 0.17461280524730682]","['Concern', 'Skepticism', 'Excitement', 'Optimism']"
144,Mitigating the risks of generative artificial intelligence in the health ...,2023-10-03,Lexology,Other,en,positive,Concern,"[0.9531801342964172, 0.25235891342163086, 0.10849249362945557, 0.021526146680116653]","['Concern', 'Skepticism', 'Optimism', 'Excitement']"
145,"Komodo Health announces new hires, AI-powered data offering",2023-10-03,Mobihealth News,News Outlet,en,positive,Optimism,"[0.26695501804351807, 0.10786924511194229, 0.01592962071299553, 0.006868842989206314]","['Optimism', 'Excitement', 'Concern', 'Skepticism']"
146,How AI Ethics Are Being Shaped in Health Care Today - How AI ...,2023-10-03,InformationWeek,Other,en,positive,Concern,"[0.8656551837921143, 0.057086843997240067, 0.040061067789793015, 0.03152201324701309]","['Concern', 'Skepticism', 'Excitement', 'Optimism']"
147,Massachusetts beekeeping company says AI tech leads to healthier hives,2023-10-03,WCVB Boston,Other,en,positive,Concern,"[0.4309350848197937, 0.3624240756034851, 0.24089397490024567, 0.11165985465049744]","['Concern', 'Optimism', 'Excitement', 'Skepticism']"
148,AI and other emerging tech could be saviour of healthcare ...,2023-10-03,Digital Health,News Outlet,en,positive,Excitement,"[0.4573929011821747, 0.2422909289598465, 0.07990795373916626, 0.028680935502052307]","['Excitement', 'Optimism', 'Concern', 'Skepticism']"
149,We know how to regulate new drugs and medical devices–but we’re about to let health care AI run amok,2023-10-03,Fortune,News Outlet,en,negative,Concern,"[0.9321950674057007, 0.11069874465465546, 0.03813822567462921, 0.021708710119128227]","['Concern', 'Skepticism', 'Excitement', 'Optimism']"
150,AI-powered hair transplant robot set to boost health tourism in Dubai,2023-10-03,The National,News Outlet,en,positive,Excitement,"[0.4259655475616455, 0.24904167652130127, 0.14075766503810883, 0.0658109039068222]","['Excitement', 'Optimism', 'Concern', 'Skepticism']"
151,"Fusion Fund Powers Founders Bringing AI to Healthtech, Life ...",2023-10-02,Genetic Engineering & Biotechnology News,News Outlet,en,positive,Excitement,"[0.2894567549228668, 0.27756619453430176, 0.014899363741278648, 0.007832413539290428]","['Optimism', 'Excitement', 'Concern', 'Skepticism']"
152,How Singapore Is Revolutionizing Public Healthcare Using AI,2023-10-02,CDOTrends,Other,en,positive,Optimism,"[0.26691198348999023, 0.18191903829574585, 0.08696012198925018, 0.005971025675535202]","['Excitement', 'Optimism', 'Concern', 'Skepticism']"
153,AI's staggering growth in health: Benefits and limitations of artificial ...,2023-10-02,New Zealand Doctor Online,Other,en,positive,Concern,"[0.5598812699317932, 0.30033111572265625, 0.20048962533473969, 0.16687798500061035]","['Concern', 'Skepticism', 'Excitement', 'Optimism']"
154,"How AI is already evolving, and enabling diverse healthcare ...",2023-10-02,Healthcare IT News,News Outlet,en,positive,Concern,"[0.37264949083328247, 0.33827880024909973, 0.18491828441619873, 0.008833512663841248]","['Concern', 'Excitement', 'Optimism', 'Skepticism']"
155,Highmark Health Is Partnering With Google Cloud To Develop Generative AI Solutions,2023-10-02,Forbes,Magazine,en,positive,Concern,"[0.32546642422676086, 0.2186812460422516, 0.21613004803657532, 0.086525097489357]","['Optimism', 'Excitement', 'Concern', 'Skepticism']"
156,"[Health Secretary AI] When I asked about my pain... 'Chat GPT' has no point, 'Bing' is pretty good",2023-10-02,코메디닷컴,Other,ko,negative,Skepticism,"[0.12873370945453644, 0.11814706772565842, 0.0006678603240288794, 0.0005171032389625907]","['Concern', 'Skepticism', 'Excitement', 'Optimism']"
157,AI Vincent van Gogh talks of ‘mental health struggles’ in Paris exhibition,2023-10-02,The Guardian,News Outlet,en,negative,Concern,"[0.8546276092529297, 0.03803839161992073, 0.00024992338148877025, 0.00011800923675764352]","['Concern', 'Skepticism', 'Excitement', 'Optimism']"
158,Human-Centric AI: Pioneering healthcare’s evolution through generative intelligence,2023-10-01,The Financial Express,Press Release Service,en,positive,Concern,"[0.11902079731225967, 0.06468643993139267, 0.03622398152947426, 0.00031963171204552054]","['Concern', 'Excitement', 'Optimism', 'Skepticism']"
159,Can AI Tear Down Healthcare's Data Silos?,2023-10-01,Forbes,Magazine,en,positive,Concern,"[0.8947302103042603, 0.2296331822872162, 0.06496782600879669, 0.06449729949235916]","['Concern', 'Skepticism', 'Optimism', 'Excitement']"
160,"AI's Energy Use, Carbon Emissions, and Environmental Impacts ...",2023-10-01,Cryptopolitan,Other,en,negative,Concern,"[0.9796730279922485, 0.03415030986070633, 0.0004891927819699049, 0.000255931809078902]","['Concern', 'Skepticism', 'Optimism', 'Excitement']"
161,Yale researchers investigate the future of AI in healthcare,2023-09-11,Yale Daily News,News Outlet,en,positive,Concern,"[0.2621132433414459, 0.18941953778266907, 0.16732186079025269, 0.04950793832540512]","['Concern', 'Excitement', 'Optimism', 'Skepticism']"
162,"AI chatbots will replace therapists but there’s a risk of patients falling in love with them, warns mental...",2023-09-08,The US Sun,News Outlet,en,negative,Concern,"[0.8854543566703796, 0.26159152388572693, 0.17924800515174866, 0.14579248428344727]","['Concern', 'Excitement', 'Skepticism', 'Optimism']"
163,Glass Health is building an AI for suggesting medical diagnoses,2023-09-08,TechCrunch,Blog,en,positive,Concern,"[0.5113562345504761, 0.12467256933450699, 0.10471858084201813, 0.037182506173849106]","['Concern', 'Optimism', 'Skepticism', 'Excitement']"
164,Generative AI for Healthcare,2023-09-06,C3 AI,Other,en,positive,Optimism,"[0.02432280033826828, 0.0016194912604987621, 0.001609348808415234, 0.0003001122095156461]","['Optimism', 'Excitement', 'Concern', 'Skepticism']"
165,Designing systems that reduce the environmental impact of AI,2023-09-06,TechTarget,Blog,en,positive,Concern,"[0.6025232672691345, 0.09878435730934143, 0.04805135726928711, 0.011785773560404778]","['Concern', 'Optimism', 'Skepticism', 'Excitement']"
166,Fox News AI Newsletter: Artificial intelligence-generated COVID drug enters clinical trials,2023-09-06,Fox News,News Outlet,en,positive,Concern,"[0.10512836277484894, 0.09791719913482666, 0.0927143543958664, 0.005479678977280855]","['Concern', 'Excitement', 'Optimism', 'Skepticism']"
167,Mass Gen Brigham and GE HealthCare Collaboration Announces AI ...,2023-09-06,Imaging Technology News,News Outlet,en,positive,Concern,"[0.48077693581581116, 0.16044922173023224, 0.13766548037528992, 0.07414063811302185]","['Concern', 'Excitement', 'Optimism', 'Skepticism']"
168,"The AI-Assisted, Mobile-First Health Care Journey | NEJM Catalyst",2023-09-06,nejm.org,Other,en,positive,Optimism,"[0.06360725313425064, 0.0387149415910244, 0.016729772090911865, 0.0020135766826570034]","['Excitement', 'Optimism', 'Concern', 'Skepticism']"
169,COMPASS Pathways announces publication of first study evaluating potential of AI model to predict outcomes of COMP360 psilocybin treatment in treatment-resistant depression,2023-09-06,Yahoo Finance,News Outlet,en,positive,Concern,"[0.30783429741859436, 0.007068075705319643, 0.0017239493317902088, 0.0008224199991673231]","['Concern', 'Excitement', 'Skepticism', 'Optimism']"
170,Health Tech Series: HealthTech and AI - the current legal landscape,2023-09-04,Lexology,Other,en,positive,Excitement,"[0.041658468544483185, 0.015887049958109856, 0.003827110631391406, 0.0002401309466222301]","['Excitement', 'Optimism', 'Concern', 'Skepticism']"
171,"Artificial Intelligence: Transforming Healthcare, Cybersecurity, and Communications",2023-09-04,Forbes,Magazine,en,positive,Concern,"[0.020310038700699806, 0.01763729192316532, 0.011412832885980606, 0.0003471764794085175]","['Excitement', 'Concern', 'Optimism', 'Skepticism']"
172,Kate Emery: AI chatbots can reportedly predict mental health ...,2023-09-02,The West Australian,News Outlet,en,positive,Concern,"[0.5686479210853577, 0.32903891801834106, 0.11124224960803986, 0.006340624764561653]","['Concern', 'Optimism', 'Skepticism', 'Excitement']"
173,Workers Using AI Technology Taking Mental Health Into Their Own ...,2023-09-02,Forbes,Magazine,en,positive,Concern,"[0.817878246307373, 0.13413764536380768, 0.05763661488890648, 0.03407765552401543]","['Concern', 'Optimism', 'Skepticism', 'Excitement']"
174,Paging Dr. GPT? Tech Investors Bet AI Finally Poised to Transform Health Care,2023-09-01,Yahoo Finance,News Outlet,en,positive,Excitement,"[0.4003447890281677, 0.25196653604507446, 0.08036921918392181, 0.044177331030368805]","['Excitement', 'Concern', 'Skepticism', 'Optimism']"
175,The 'huge gap between hype and reality' for healthcare AI,2023-09-01,Becker's Hospital Review,Academic Journal,en,negative,Concern,"[0.9263291358947754, 0.7325531244277954, 0.35994425415992737, 0.06787741184234619]","['Concern', 'Skepticism', 'Excitement', 'Optimism']"
176,5 ChatGPT Therapist Bots and AI Apps to Relieve Mental Health ... - MUO,2023-08-12,MUO - MakeUseOf,Other,en,positive,Concern,"[0.30436813831329346, 0.0552731454372406, 0.006613601930439472, 0.005331834778189659]","['Concern', 'Optimism', 'Skepticism', 'Excitement']"
177,Teenagers turning to AI chatbots for sexual health advice as sex ...,2023-08-11,inews,News Outlet,en,negative,Concern,"[0.853370726108551, 0.2949674129486084, 0.06433264166116714, 0.023899801075458527]","['Concern', 'Optimism', 'Skepticism', 'Excitement']"
178,UK allocates £13m to boost use of artificial intelligence in healthcare,2023-08-10,The Independent,News Outlet,en,positive,Concern,"[0.5205290913581848, 0.28344157338142395, 0.226506307721138, 0.06474779546260834]","['Concern', 'Optimism', 'Excitement', 'Skepticism']"
179,Senator Calls on Google to Ensure Ethical Deployment of Health AI,2023-08-10,HealthITAnalytics.com,Blog,en,negative,Concern,"[0.9859051704406738, 0.36508458852767944, 0.039391402155160904, 0.037034086883068085]","['Concern', 'Skepticism', 'Optimism', 'Excitement']"
180,Meet Compartmentalized Diffusion Models (CDM): An AI Approach To Train Different Diffusion Models Or Prompts On Distinct Data Sources,2023-08-09,MarkTechPost,News Outlet,en,positive,Concern,"[0.20478680729866028, 0.1414249986410141, 0.0948040783405304, 0.007522102911025286]","['Optimism', 'Excitement', 'Concern', 'Skepticism']"
181,Revolutionizing Health Care: Harnessing Artificial Intelligence for ...,2023-08-09,Carnegie Mellon University,Academic Journal,en,positive,Excitement,"[0.055059969425201416, 0.00893255416303873, 0.007872152142226696, 0.0011673825792968273]","['Excitement', 'Optimism', 'Concern', 'Skepticism']"
182,AI in Health Care: What the Public Thinks,2023-08-07,Morning Consult,Other,en,positive,Concern,"[0.12999410927295685, 0.09217865765094757, 0.04183873161673546, 0.03998763486742973]","['Concern', 'Optimism', 'Excitement', 'Skepticism']"
183,Beyond Hype: Getting the Most Out of Generative AI in Healthcare ...,2023-08-07,Bain & Company,Corporate,en,positive,Excitement,"[0.5820220112800598, 0.049519095569849014, 0.015767140313982964, 0.006642220076173544]","['Excitement', 'Optimism', 'Skepticism', 'Concern']"
184,"AI, augmented intelligence and machine learning in health care with ...",2023-08-07,American Medical Association,Other,en,positive,Concern,"[0.2597729563713074, 0.11631744354963303, 0.10314102470874786, 0.016604440286755562]","['Concern', 'Optimism', 'Excitement', 'Skepticism']"
185,The future of healthcare chatbots: Advances and challenges in AI-driven virtual assistants,2023-08-06,Times of India,News Outlet,en,neutral,Concern,"[0.08138658851385117, 0.07365920394659042, 0.03302919864654541, 0.018689068034291267]","['Concern', 'Optimism', 'Excitement', 'Skepticism']"
186,Artificial Intelligence (AI) and Robotics in Elderly Healthcare ...,2023-08-03,Cureus,Other,en,positive,Concern,"[0.07926053553819656, 0.013514301739633083, 0.002071835333481431, 0.00019473439897410572]","['Concern', 'Excitement', 'Optimism', 'Skepticism']"
187,Cognizant To Develop Healthcare LLM Solutions Leveraging Google Cloud’s Generative AI Technology,2023-08-03,BQ Prime,Press Release Service,en,positive,Concern,"[0.16764456033706665, 0.15645632147789001, 0.12768802046775818, 0.002991326618939638]","['Optimism', 'Concern', 'Excitement', 'Skepticism']"
188,"Duke Health, Microsoft Launch Generative Artificial Intelligence ...",2023-08-02,HealthITAnalytics.com,Blog,en,positive,Concern,"[0.2620388865470886, 0.2360251098871231, 0.19350352883338928, 0.03764711692929268]","['Optimism', 'Excitement', 'Concern', 'Skepticism']"
189,Revolutionizing Digital Health: The Transformative Power of Language Models and Generative AI,2023-08-02,DATAQUEST,Magazine,en,positive,Optimism,"[0.15007716417312622, 0.0249539315700531, 0.005556062329560518, 0.0028145492542535067]","['Optimism', 'Excitement', 'Concern', 'Skepticism']"
190,TechScape: Turns out there’s another problem with AI – its environmental toll,2023-08-01,The Guardian,News Outlet,en,negative,Concern,"[0.035186223685741425, 0.0006090648821555078, 0.000559150823391974, 0.00044875938328914344]","['Concern', 'Optimism', 'Excitement', 'Skepticism']"
191,"Artificial Intelligence In Women's Health: The Pros, The Cons, And ...",2023-08-01,Forbes,Magazine,en,negative,Concern,"[0.6179644465446472, 0.009689857251942158, 0.005052182357758284, 0.0024291398003697395]","['Concern', 'Excitement', 'Optimism', 'Skepticism']"
192,Artificial Intelligence: Boon or Bane for Healthcare?,2023-07-12,Youth Ki Awaaz,Other,en,negative,Concern,"[0.657598614692688, 0.044950079172849655, 0.0022133837919682264, 0.0008963446016423404]","['Concern', 'Skepticism', 'Excitement', 'Optimism']"
193,"AI creates new environmental injustices, but there's a fix",2023-07-12,UC Riverside,Academic Journal,en,negative,Concern,"[0.8333891034126282, 0.12720739841461182, 0.00494746258482337, 0.0022314637899398804]","['Concern', 'Skepticism', 'Optimism', 'Excitement']"
194,Effect of Artificial Intelligence-based Health Education Accurately ...,2023-07-11,BMC Public Health,Other,en,positive,Concern,"[0.2628866732120514, 0.030606798827648163, 0.008826878853142262, 0.0012515631970018148]","['Concern', 'Optimism', 'Excitement', 'Skepticism']"
195,Types of AI in Healthcare: Explained [With Use Cases],2023-07-11,HealthTech Magazine,Blog,en,positive,Optimism,"[0.07601115852594376, 0.04925500601530075, 0.03427993878722191, 0.028962068259716034]","['Optimism', 'Excitement', 'Skepticism', 'Concern']"
196,Opinion | The AI revolution in health care is already here,2023-07-11,The Washington Post,News Outlet,en,positive,Excitement,"[0.3547472655773163, 0.1602163016796112, 0.036936044692993164, 0.004645216278731823]","['Excitement', 'Optimism', 'Concern', 'Skepticism']"
197,Generative AI in healthcare: Emerging use for care | McKinsey,2023-07-10,McKinsey,Blog,en,positive,Optimism,"[0.0759207010269165, 0.029052698984742165, 0.012195339426398277, 0.000587626826018095]","['Excitement', 'Optimism', 'Concern', 'Skepticism']"
198,"Google Creates AI Health Chatbot, Already Trials in Hospitals!",2023-07-10,Bisnis.com,Other,id,positive,Excitement,"[0.6578187346458435, 0.10585284233093262, 0.044031694531440735, 0.007569080218672752]","['Excitement', 'Concern', 'Optimism', 'Skepticism']"
199,Google Health AI Chatbot Tested in Hospital,2023-07-09,detikInet,Other,id,neutral,Concern,"[0.1589677780866623, 0.08509760349988937, 0.01424612756818533, 0.0064671519212424755]","['Concern', 'Optimism', 'Excitement', 'Skepticism']"
200,National Institutes Of Health (NIH) Advances Its Artificial Intelligence / Machine Learning Consortium To Advance Health Equity And Researcher Diversity (AIM-AHEAD),2023-07-07,Forbes,Magazine,en,positive,Concern,"[0.22135594487190247, 0.13622388243675232, 0.09389645606279373, 0.011980735696852207]","['Concern', 'Optimism', 'Excitement', 'Skepticism']"
201,Watch as Robots take part in UN discussion on AI in healthcare,2023-07-06,The Independent,News Outlet,en,positive,Concern,"[0.2127056121826172, 0.12590111792087555, 0.05807676911354065, 0.03198525682091713]","['Concern', 'Excitement', 'Optimism', 'Skepticism']"
202,Should Artificial Intelligence be used to support clinical ethical ...,2023-07-06,BMC Medical Ethics,Other,en,positive,Concern,"[0.9560384750366211, 0.23400458693504333, 0.0601809062063694, 0.047091156244277954]","['Concern', 'Skepticism', 'Optimism', 'Excitement']"
203,Dennis Chornenky joins UC Davis Health as first chief AI advisor,2023-07-06,UC Davis Health,Academic Journal,en,positive,Concern,"[0.46684107184410095, 0.22816146910190582, 0.17010580003261566, 0.09822399169206619]","['Concern', 'Optimism', 'Excitement', 'Skepticism']"
204,"Patients report acceptance of AI in healthcare, but don't prefer it",2023-07-05,Healthcare Dive,Other,en,negative,Concern,"[0.5978053212165833, 0.3466314673423767, 0.32879412174224854, 0.05132969096302986]","['Concern', 'Skepticism', 'Optimism', 'Excitement']"
205,Global Artificial Intelligence In Healthcare Market Size To Worth ...,2023-07-04,GlobeNewswire,News Outlet,en,positive,Concern,"[0.5257870554924011, 0.20238123834133148, 0.14844591915607452, 0.06204788014292717]","['Concern', 'Optimism', 'Excitement', 'Skepticism']"
206,The (AI) therapist is in: Can chatbots boost mental health?,2023-07-03,The Star Online,News Outlet,en,positive,Concern,"[0.6306490302085876, 0.13607299327850342, 0.07140418887138367, 0.03575405105948448]","['Concern', 'Optimism', 'Skepticism', 'Excitement']"
207,Conversations With Artificial Intelligence: Mental Health vs Machine,2023-06-12,Psychiatric Times,News Outlet,en,negative,Concern,"[0.5371350049972534, 0.1559002697467804, 0.045947685837745667, 0.0353466235101223]","['Concern', 'Skepticism', 'Excitement', 'Optimism']"
208,Misaligned AI constitutes a growing public health threat,2023-06-12,The BMJ,Other,en,negative,Concern,"[0.9955408573150635, 0.011296366341412067, 0.0006222626543603837, 0.00042130440124310553]","['Concern', 'Skepticism', 'Excitement', 'Optimism']"
209,How new AI tools for doctors could worsen racial bias in healthcare,2023-06-12,The Daily Dot,News Outlet,en,negative,Concern,"[0.9837536811828613, 0.2148885875940323, 0.0024231141433119774, 0.0007228992180898786]","['Concern', 'Skepticism', 'Excitement', 'Optimism']"
210,Experts warn AI could result in mental health consequences,2023-06-10,Axios,Other,en,negative,Concern,"[0.9412579536437988, 0.16398867964744568, 0.0006153424619697034, 0.0005252050468698144]","['Concern', 'Skepticism', 'Optimism', 'Excitement']"
211,AI in medical care: A map for clinical practice and patient protection,2023-06-08,Medical Economics,Other,en,positive,Concern,"[0.07569698244333267, 0.05544142797589302, 0.023042673245072365, 0.0030955872498452663]","['Concern', 'Optimism', 'Excitement', 'Skepticism']"
212,New 'AI Doctor' Predicts Hospital Readmission & Other Health ...,2023-06-07,NYU Langone Health,Academic Journal,en,negative,Concern,"[0.7627621293067932, 0.020222283899784088, 0.0015165776712819934, 0.0010175271891057491]","['Concern', 'Skepticism', 'Optimism', 'Excitement']"
213,Revolutionizing Healthcare with Generalist Medical AI,2023-06-07,RTInsights,Other,en,positive,Excitement,"[0.28581327199935913, 0.06334488093852997, 0.019375665113329887, 0.0004946229164488614]","['Excitement', 'Optimism', 'Concern', 'Skepticism']"
214,Healthcare chain is using a GPT-4-based AI to generate medical ...,2023-06-07,TechSpot,Blog,en,positive,Concern,"[0.5806018114089966, 0.28599610924720764, 0.13230323791503906, 0.0108288349583745]","['Concern', 'Optimism', 'Excitement', 'Skepticism']"
215,AI Doctors Are Going to Make Healthcare Better and More Caring,2023-06-06,Business Insider,News Outlet,en,positive,Concern,"[0.7082741260528564, 0.6643182635307312, 0.6633737087249756, 0.14546816051006317]","['Optimism', 'Excitement', 'Concern', 'Skepticism']"
216,Healthcare and generative AI: What are the emerging use cases?,2023-06-06,Econsultancy,Other,en,positive,Optimism,"[0.06390955299139023, 0.009254747070372105, 0.004516045097261667, 0.0016655429499223828]","['Optimism', 'Concern', 'Excitement', 'Skepticism']"
217,Carbon Health Launches AI Charting in Its EHR Across All Clinics ...,2023-06-05,Business Wire,News Outlet,en,positive,Concern,"[0.40833452343940735, 0.2637867331504822, 0.25483375787734985, 0.06045018136501312]","['Optimism', 'Excitement', 'Concern', 'Skepticism']"
218,"New Plant Identifier App Uses Scanning Technology and GPT AI to Identify Medicinal Benefits of Plants and Herbs, Creating Custom Formulations for Personalized Healthcare",2023-06-05,Yahoo Finance,News Outlet,en,positive,Concern,"[0.32341694831848145, 0.19515100121498108, 0.1751084327697754, 0.010617564432322979]","['Concern', 'Excitement', 'Optimism', 'Skepticism']"
219,UNC Health's CIO talks generative AI work with Epic and Microsoft,2023-06-05,Healthcare IT News,News Outlet,en,positive,Concern,"[0.4098496735095978, 0.3559958338737488, 0.33196550607681274, 0.09097089618444443]","['Concern', 'Excitement', 'Optimism', 'Skepticism']"
220,AI Chat Bots Shouldn’t Be Your Therapist or Friend... Yet,2023-06-02,Decrypt,Other,en,negative,Concern,"[0.9486451745033264, 0.8121737837791443, 0.033227838575839996, 0.008538111113011837]","['Concern', 'Skepticism', 'Optimism', 'Excitement']"
221,Health care AI is here. So is new guidance to use it effectively.,2023-06-02,American Medical Association,Other,en,positive,Concern,"[0.28374138474464417, 0.10623221099376678, 0.07403045147657394, 0.020162682980298996]","['Concern', 'Optimism', 'Excitement', 'Skepticism']"
222,AI does not mean trust: be careful if you mistake the chatbot for a therapist,2023-06-01,Agenda Digitale,News Outlet,it,negative,Concern,"[0.6595902442932129, 0.2828044891357422, 0.09405960142612457, 0.04300298914313316]","['Concern', 'Skepticism', 'Optimism', 'Excitement']"
223,Mental Health and AI: How Replika users find support from chatbots,2023-06-01,IBTimes UK,News Outlet,en,positive,Concern,"[0.1882069855928421, 0.11227847635746002, 0.0025091262068599463, 0.0019323742017149925]","['Concern', 'Optimism', 'Excitement', 'Skepticism']"
224,A New Balance Between Health Care Privacy and Artificial Intelligence,2023-06-01,The Regulatory Review,Academic Journal,en,positive,Concern,"[0.20605722069740295, 0.018409397453069687, 0.01576789654791355, 0.015712741762399673]","['Concern', 'Skepticism', 'Excitement', 'Optimism']"
225,What happens when AI comes to healthcare,2023-05-11,CEPR,Press Release Service,en,neutral,Concern,"[0.8623554110527039, 0.05746756121516228, 0.036650270223617554, 0.022160014137625694]","['Concern', 'Excitement', 'Skepticism', 'Optimism']"
226,Generative AI could augment 40% of healthcare working hours,2023-05-11,Healthcare IT News,News Outlet,en,positive,Concern,"[0.3043053150177002, 0.17925207316875458, 0.10428658127784729, 0.010947072878479958]","['Concern', 'Optimism', 'Excitement', 'Skepticism']"
227,Can app-based AI 'therapists' actually help your mental health?,2023-05-11,Los Angeles Times,News Outlet,en,positive,Concern,"[0.7819465398788452, 0.42800524830818176, 0.19362930953502655, 0.11333918571472168]","['Concern', 'Skepticism', 'Optimism', 'Excitement']"
228,"Cybersecurity, privacy and artificial intelligence in health | Waterloo ...",2023-05-11,University of Waterloo,Academic Journal,en,positive,Concern,"[0.9123145341873169, 0.012854846194386482, 0.006328749004751444, 0.004501543939113617]","['Concern', 'Skepticism', 'Optimism', 'Excitement']"
229,Zepp Health Unveils Generative AI-Powered Features and Solutions ...,2023-05-10,PR Newswire,News Outlet,en,positive,Concern,"[0.2984795570373535, 0.23078450560569763, 0.14038066565990448, 0.01053734589368105]","['Optimism', 'Excitement', 'Concern', 'Skepticism']"
230,How Will Artificial Intelligence Impact Healthcare? | KCM,2023-05-10,Katie Couric Media,Other,en,neutral,Concern,"[0.9425361752510071, 0.03158574923872948, 0.005396309774369001, 0.003335007932037115]","['Concern', 'Skepticism', 'Excitement', 'Optimism']"
231,"AI poses existential threat and risk to health of millions, experts warn",2023-05-09,The Guardian,News Outlet,en,negative,Concern,"[0.9597388505935669, 0.2889407277107239, 0.0003381608985364437, 0.0002210876700701192]","['Concern', 'Skepticism', 'Optimism', 'Excitement']"
232,Doctors are preparing for artificial intelligence in healthcare: 'ChatGPT reassures patients in a way that we do not always have time for',2023-05-09,EenVandaag,Other,nl,positive,Concern,"[0.5229113698005676, 0.2580869495868683, 0.15035858750343323, 0.018994472920894623]","['Concern', 'Optimism', 'Excitement', 'Skepticism']"
233,How AI Could Revolutionize Healthcare – and Risks to Consider,2023-05-08,Insurance Journal,Academic Journal,en,neutral,Concern,"[0.7708989381790161, 0.11132539808750153, 0.06864913552999496, 0.00981337483972311]","['Concern', 'Skepticism', 'Excitement', 'Optimism']"
234,Artificial Intelligence Creates Inroads to Ophthalmology Clinical ...,2023-05-08,Medpage Today,News Outlet,en,positive,Concern,"[0.8332316875457764, 0.04357459023594856, 0.01777864433825016, 0.00042770939762704074]","['Concern', 'Excitement', 'Optimism', 'Skepticism']"
